file1:	frozen_2015_25ns14e33_v4.4_HLT_V1_Rate_v2_hltmenu_13TeV_2.0e33_20151017_p.tsv
file2:	frozen_2015_25ns14e33_v4.4_HLT_V1_25ns_data_Run_256843_Rates.tsv
	file1						file2			
path	prescale1		rate1			prescale2		rate2				bias
HLT_Mu12_Photon25_CaloIdL_v3	1400	0.00	 ±	0.00		1400	0.01	 ±	0.00		100.00%	±	0.00%
HLT_IsoMu17_eta2p1_LooseIsoPFTau20_SingleL1_v4	1	0.00	 ±	0.00		1	1.59	 ±	0.06		100.00%	±	3.77%
HLT_JetE70_NoBPTX3BX_NoHalo_v2	1	0.70	 ±	0.04		1	0.00	 ±	0.00		100.00%	±	0.00%
HLT_JetE50_NoBPTX3BX_NoHalo_v2	1	1.30	 ±	0.06		1	0.00	 ±	0.00		100.00%	±	0.00%
HLT_JetE30_NoBPTX_v2	17	0.01	 ±	0.00		17	0.00	 ±	0.00		100.00%	±	0.00%
HLT_L2Mu10_NoVertex_NoBPTX_v2	30	2.95	 ±	0.10		30	0.00	 ±	0.00		100.00%	±	0.00%
HLT_IsoMu17_eta2p1_v3	30	0.00	 ±	0.00		30	0.99	 ±	0.05		100.00%	±	5.05%
HLT_L2Mu10_NoVertex_NoBPTX3BX_NoHalo_v2	30	2.76	 ±	0.09		30	0.00	 ±	0.00		100.00%	±	0.00%
HLT_JetE30_NoBPTX3BX_NoHalo_v2	1	0.08	 ±	0.02		1	0.00	 ±	0.00		100.00%	±	0.00%
HLT_L2Mu40_NoVertex_3Sta_NoBPTX3BX_NoHalo_v2	1	16.53	 ±	0.22		1	0.00	 ±	0.00		100.00%	±	0.00%
HLT_IsoMu20_eta2p1_LooseIsoPFTau20_v3	1	0.00	 ±	0.00		1	1.24	 ±	0.06		100.00%	±	4.84%
HLT_L2Mu35_NoVertex_3Sta_NoBPTX3BX_NoHalo_v2	1	18.91	 ±	0.24		1	0.00	 ±	0.00		100.00%	±	0.00%
HLT_ZeroBias_v2	200	62.44	 ±	0.42		200	0.07	 ±	0.01		99.89%	±	0.02%
HLT_DiPFJetAve40_v2	5	15.78	 ±	0.22		5	0.52	 ±	0.04		96.70%	±	0.26%
HLT_PFJet40_v4	300	0.57	 ±	0.04		300	0.02	 ±	0.01		96.49%	±	1.77%
HLT_DiPFJetAve60_v2	1	17.05	 ±	0.22		1	1.34	 ±	0.06		92.14%	±	0.37%
HLT_Dimuon0_Jpsi_Muon_v2	1	1.48	 ±	0.06		1	0.27	 ±	0.03		81.76%	±	2.16%
HLT_Dimuon0_Upsilon_Muon_v2	1	0.92	 ±	0.05		1	0.17	 ±	0.02		81.52%	±	2.39%
HLT_Mu8_TrkIsoVVL_v3	30	4.17	 ±	0.11		30	0.97	 ±	0.05		76.74%	±	1.35%
HLT_QuadMuon0_Dimuon0_Jpsi_v2	1	0.04	 ±	0.00		1	0.01	 ±	0.00		75.00%	±	0.00%
HLT_Mu8_v3	60	3.15	 ±	0.10		60	0.85	 ±	0.05		73.02%	±	1.80%
HLT_BTagMu_DiJet20_Mu5_v2	1	26.64	 ±	0.28		1	8.56	 ±	0.15		67.87%	±	0.66%
HLT_QuadMuon0_Dimuon0_Upsilon_v2	1	0.03	 ±	0.01		1	0.01	 ±	0.00		66.67%	±	11.11%
HLT_Mu10_CentralPFJet30_BTagCSV0p54PF_v3	22	0.97	 ±	0.06		22	0.35	 ±	0.03		63.92%	±	3.81%
HLT_Mu7p5_L2Mu2_Upsilon_v2	1	0.42	 ±	0.04		1	0.16	 ±	0.02		61.90%	±	5.99%
HLT_Mu7p5_Track2_Upsilon_v2	1	0.53	 ±	0.04		1	0.21	 ±	0.02		60.38%	±	4.81%
HLT_Dimuon6_Jpsi_NoVertexing_v2	1	0.97	 ±	0.06		1	0.39	 ±	0.03		59.79%	±	3.97%
HLT_PFJet60_v4	12	0.57	 ±	0.04		12	0.24	 ±	0.02		57.89%	±	4.59%
HLT_Ele8_CaloIdM_TrackIdM_PFJet30_v3	1	0.49	 ±	0.04		1	0.21	 ±	0.02		57.14%	±	5.38%
HLT_Ele10_CaloIdM_TrackIdM_CentralPFJet30_BTagCSV0p54PF_v3	1	0.82	 ±	0.05		1	0.37	 ±	0.03		54.88%	±	4.58%
HLT_Mu17_TrkIsoVVL_TkMu8_TrkIsoVVL_v2	15	0.26	 ±	0.03		15	0.12	 ±	0.02		53.85%	±	9.36%
HLT_Mu17_TrkIsoVVL_Mu8_TrkIsoVVL_v2	15	0.27	 ±	0.03		15	0.13	 ±	0.02		51.85%	±	9.14%
HLT_DoubleMu28NoFiltersNoVtxDisplaced_v2	1	0.02	 ±	0.01		1	0.01	 ±	0.01		50.00%	±	55.90%
HLT_Mu10_TrkIsoVVL_DiPFJet40_DEta3p5_MJJ750_HTT350_PFMETNoMu60_v1	1	0.06	 ±	0.02		1	0.03	 ±	0.01		50.00%	±	23.57%
HLT_DoubleMu3_Mass10_v1	1	90.76	 ±	0.50		1	45.42	 ±	0.34		49.96%	±	0.47%
HLT_Mu17_TkMu8_DZ_v2	15	0.47	 ±	0.04		15	0.24	 ±	0.02		48.94%	±	6.08%
HLT_TripleMu_12_10_5_v2	1	0.37	 ±	0.04		1	0.19	 ±	0.02		48.65%	±	7.75%
HLT_Mu17_Mu8_DZ_v2	15	0.46	 ±	0.04		15	0.24	 ±	0.03		47.83%	±	7.94%
HLT_Mu17_TrkIsoVVL_TkMu8_TrkIsoVVL_DZ_v2	1	3.15	 ±	0.10		1	1.70	 ±	0.07		46.03%	±	2.81%
HLT_L1SingleMu16_v1	2000	1.44	 ±	0.06		2000	0.78	 ±	0.04		45.83%	±	3.58%
HLT_Dimuon13_Upsilon_v2	1	1.98	 ±	0.08		1	1.09	 ±	0.05		44.95%	±	3.37%
HLT_DiPFJetAve60_HFJEC_v3	1	0.58	 ±	0.04		1	0.32	 ±	0.03		44.83%	±	6.42%
HLT_PFJet80_v4	5	1.02	 ±	0.06		5	0.57	 ±	0.04		44.12%	±	5.12%
HLT_Mu7p5_Track2_Jpsi_v2	1	1.54	 ±	0.06		1	0.87	 ±	0.05		43.51%	±	3.92%
HLT_Mu7p5_Track7_Jpsi_v2	1	0.60	 ±	0.04		1	0.34	 ±	0.03		43.33%	±	6.27%
HLT_Mu17_TrkIsoVVL_Mu8_TrkIsoVVL_DZ_v2	1	3.16	 ±	0.10		1	1.80	 ±	0.07		43.04%	±	2.86%
HLT_Mu7p5_Track3p5_Jpsi_v2	1	1.38	 ±	0.06		1	0.79	 ±	0.05		42.75%	±	4.40%
HLT_DoubleMu33NoFiltersNoVtx_v2	1	0.92	 ±	0.05		1	0.53	 ±	0.04		42.39%	±	5.36%
HLT_Mu17_TrkIsoVVL_Ele12_CaloIdL_TrackIdL_IsoVL_v3	1	1.11	 ±	0.06		1	0.64	 ±	0.04		42.34%	±	4.76%
HLT_Mu16_TkMu0_dEta18_Onia_v2	1	3.79	 ±	0.10		1	2.22	 ±	0.08		41.42%	±	2.62%
HLT_TrkMu15_DoubleTrkMu5NoFiltersNoVtx_v2	1	0.17	 ±	0.02		1	0.10	 ±	0.02		41.18%	±	13.65%
HLT_Mu17_Mu8_SameSign_DZ_v1	1	1.19	 ±	0.06		1	0.70	 ±	0.04		41.18%	±	4.48%
HLT_Mu8_TrkIsoVVL_Ele17_CaloIdL_TrackIdL_IsoVL_v3	1	3.13	 ±	0.10		1	1.87	 ±	0.07		40.26%	±	2.94%
HLT_Mu25_TkMu0_dEta18_Onia_v2	1	0.87	 ±	0.05		1	0.52	 ±	0.04		40.23%	±	5.74%
HLT_Mu28NoFiltersNoVtx_DisplacedJet40_Loose_v2	20	0.25	 ±	0.03		20	0.15	 ±	0.02		40.00%	±	10.76%
HLT_TrkMu17_DoubleTrkMu8NoFiltersNoVtx_v2	1	0.15	 ±	0.02		1	0.09	 ±	0.02		40.00%	±	15.55%
HLT_Dimuon13_PsiPrime_v2	1	1.15	 ±	0.06		1	0.69	 ±	0.04		40.00%	±	4.68%
HLT_Mu8_TrkIsoVVL_Ele23_CaloIdL_TrackIdL_IsoVL_v3	1	1.66	 ±	0.07		1	1.00	 ±	0.05		39.76%	±	3.94%
HLT_DoubleMu8_Mass8_PFHT250_v1	1	0.61	 ±	0.04		1	0.37	 ±	0.03		39.34%	±	6.33%
HLT_DoubleMu38NoFiltersNoVtx_v2	1	0.56	 ±	0.04		1	0.34	 ±	0.03		39.29%	±	6.89%
HLT_Mu23_TrkIsoVVL_Ele12_CaloIdL_TrackIdL_IsoVL_v3	1	0.56	 ±	0.04		1	0.34	 ±	0.03		39.29%	±	6.89%
HLT_L2DoubleMu28_NoVertex_2Cha_Angle2p5_Mass10_v2	1	0.69	 ±	0.04		1	0.42	 ±	0.03		39.13%	±	5.60%
HLT_Mu7p5_L2Mu2_Jpsi_v2	1	0.59	 ±	0.04		1	0.36	 ±	0.03		38.98%	±	6.55%
HLT_Mu8_DiEle12_CaloIdL_TrackIdL_v3	1	0.18	 ±	0.02		1	0.11	 ±	0.02		38.89%	±	13.02%
HLT_BTagMu_DiJet40_Mu5_v2	1	6.32	 ±	0.14		1	3.87	 ±	0.10		38.77%	±	2.08%
HLT_Mu16_TkMu0_dEta18_Phi_v2	1	1.14	 ±	0.06		1	0.70	 ±	0.04		38.60%	±	4.77%
HLT_OldIsoTkMu18_v2	1	32.45	 ±	0.30		1	19.93	 ±	0.23		38.58%	±	0.91%
HLT_L2DoubleMu38_NoVertex_2Cha_Angle2p5_Mass10_v2	1	0.34	 ±	0.04		1	0.21	 ±	0.02		38.24%	±	9.35%
HLT_Mu20_Mu10_v1	7	0.66	 ±	0.04		7	0.41	 ±	0.03		37.88%	±	5.90%
HLT_DoubleIsoMu17_eta2p1_v3	1	1.14	 ±	0.06		1	0.71	 ±	0.04		37.72%	±	4.80%
HLT_Mu17_Mu8_v1	14	0.59	 ±	0.04		14	0.37	 ±	0.03		37.29%	±	6.63%
HLT_Mu20_Mu10_SameSign_DZ_v1	1	0.51	 ±	0.04		1	0.32	 ±	0.03		37.25%	±	7.67%
HLT_IsoTkMu20_v4	1	31.46	 ±	0.30		1	19.75	 ±	0.23		37.22%	±	0.94%
HLT_OldIsoMu18_v1	1	34.18	 ±	0.32		1	21.46	 ±	0.24		37.21%	±	0.92%
HLT_IsoTkMu18_v2	1	38.71	 ±	0.33		1	24.33	 ±	0.25		37.15%	±	0.84%
HLT_Dimuon16_Jpsi_v2	1	5.84	 ±	0.13		1	3.69	 ±	0.10		36.82%	±	2.22%
HLT_Mu38NoFiltersNoVtx_Photon38_CaloIdL_v2	1	0.30	 ±	0.03		1	0.19	 ±	0.02		36.67%	±	9.20%
HLT_IsoTkMu22_v2	1	26.20	 ±	0.28		1	16.68	 ±	0.21		36.34%	±	1.05%
HLT_DoubleMu4_3_Bs_v2	1	2.82	 ±	0.09		1	1.81	 ±	0.07		35.82%	±	3.22%
HLT_IsoTkMu27_v3	1	18.68	 ±	0.23		1	12.00	 ±	0.18		35.76%	±	1.25%
HLT_Mu16_eta2p1_MET30_v1	30	1.15	 ±	0.06		30	0.74	 ±	0.04		35.65%	±	4.83%
HLT_IsoMu20_v3	1	33.42	 ±	0.30		1	21.51	 ±	0.24		35.64%	±	0.92%
HLT_IsoMu18_v2	1	41.29	 ±	0.34		1	26.69	 ±	0.26		35.36%	±	0.82%
HLT_IsoMu22_v2	1	27.50	 ±	0.28		1	17.90	 ±	0.22		34.91%	±	1.04%
HLT_DoubleMu8_Mass8_PFHT300_v4	1	0.43	 ±	0.04		1	0.28	 ±	0.03		34.88%	±	9.24%
HLT_TkMu27_v2	70	0.75	 ±	0.05		70	0.49	 ±	0.04		34.67%	±	6.89%
HLT_IsoMu27_v3	1	19.23	 ±	0.24		1	12.59	 ±	0.18		34.53%	±	1.24%
HLT_L2Mu10_v1	200	5.45	 ±	0.12		200	3.60	 ±	0.10		33.94%	±	2.34%
HLT_IsoMu18_TriCentralPFJet50_40_30_v2	1	0.59	 ±	0.04		1	0.39	 ±	0.03		33.90%	±	6.78%
HLT_Mu17_TrkIsoVVL_v2	1	15.54	 ±	0.21		1	10.32	 ±	0.16		33.59%	±	1.37%
HLT_Dimuon20_Jpsi_v2	1	2.83	 ±	0.09		1	1.88	 ±	0.07		33.57%	±	3.25%
HLT_DoubleMu23NoFiltersNoVtxDisplaced_v2	1	0.09	 ±	0.02		1	0.06	 ±	0.01		33.33%	±	18.52%
HLT_TkMu24_eta2p1_v2	100	0.78	 ±	0.04		100	0.52	 ±	0.04		33.33%	±	6.16%
HLT_IsoMu22_CentralPFJet30_BTagCSV07_v2	1	1.65	 ±	0.06		1	1.10	 ±	0.05		33.33%	±	3.88%
HLT_IsoMu18_CentralPFJet30_BTagCSV07_v2	1	2.45	 ±	0.08		1	1.64	 ±	0.07		33.06%	±	3.60%
HLT_Ele12_CaloIdL_TrackIdL_IsoVL_v3	125	3.88	 ±	0.10		125	2.60	 ±	0.08		32.99%	±	2.69%
HLT_Mu24_eta2p1_v2	100	0.83	 ±	0.04		100	0.56	 ±	0.04		32.53%	±	5.81%
HLT_DoubleMu4_3_Jpsi_Displaced_v2	1	8.08	 ±	0.15		1	5.47	 ±	0.12		32.30%	±	1.95%
HLT_Mu28NoFiltersNoVtxDisplaced_Photon28_CaloIdL_v2	1	0.31	 ±	0.03		1	0.21	 ±	0.02		32.26%	±	9.20%
HLT_Mu28NoFiltersNoVtx_CentralCaloJet40_v2	80	0.31	 ±	0.03		80	0.21	 ±	0.02		32.26%	±	9.20%
HLT_Mu17_Photon35_CaloIdL_L1ISO_v3	1	1.20	 ±	0.06		1	0.82	 ±	0.05		31.67%	±	5.39%
HLT_Mu27_v2	70	0.79	 ±	0.05		70	0.54	 ±	0.04		31.65%	±	6.66%
HLT_IsoMu16_eta2p1_MET30_LooseIsoPFTau50_Trk30_eta2p1_v1	1	0.70	 ±	0.04		1	0.48	 ±	0.04		31.43%	±	6.93%
HLT_DiMu9_Ele9_CaloIdL_TrackIdL_v3	1	0.32	 ±	0.04		1	0.22	 ±	0.02		31.25%	±	10.63%
HLT_Mu50_v2	1	5.38	 ±	0.12		1	3.71	 ±	0.10		31.04%	±	2.41%
HLT_Mu17_v2	1	25.53	 ±	0.26		1	17.63	 ±	0.21		30.94%	±	1.08%
HLT_Mu20_Mu10_DZ_v1	7	0.55	 ±	0.04		7	0.38	 ±	0.03		30.91%	±	7.42%
HLT_Mu17_Photon22_CaloIdL_L1ISO_v1	1	2.43	 ±	0.08		1	1.68	 ±	0.07		30.86%	±	3.67%
HLT_DoubleMu18NoFiltersNoVtx_v2	17	0.13	 ±	0.02		17	0.09	 ±	0.02		30.77%	±	18.71%
HLT_Mu7p5_Track3p5_Upsilon_v2	1	0.26	 ±	0.02		1	0.18	 ±	0.02		30.77%	±	9.36%
HLT_Mu15_IsoVVVL_PFHT350_PFMET50_v2	1	0.39	 ±	0.04		1	0.27	 ±	0.03		30.77%	±	10.47%
HLT_Mu55_v1	1	3.65	 ±	0.10		1	2.53	 ±	0.08		30.68%	±	2.90%
HLT_Mu17_Photon30_CaloIdL_L1ISO_v3	1	1.45	 ±	0.06		1	1.01	 ±	0.05		30.34%	±	4.49%
HLT_DiPFJetAve80_HFJEC_v3	1	0.33	 ±	0.04		1	0.23	 ±	0.02		30.30%	±	10.40%
HLT_Mu27_TkMu8_v2	1	4.00	 ±	0.10		1	2.79	 ±	0.09		30.25%	±	2.85%
HLT_IsoMu16_eta2p1_MET30_v1	1	3.31	 ±	0.10		1	2.31	 ±	0.08		30.21%	±	3.21%
HLT_DoubleMu4_PsiPrimeTrk_Displaced_v2	1	0.63	 ±	0.04		1	0.44	 ±	0.03		30.16%	±	6.51%
HLT_DoubleMu4_JpsiTrk_Displaced_v2	1	5.93	 ±	0.13		1	4.15	 ±	0.10		30.02%	±	2.28%
HLT_Mu20_v2	20	7.02	 ±	0.14		20	4.92	 ±	0.11		29.91%	±	2.10%
HLT_Mu40_TkMu11_v2	1	1.86	 ±	0.08		1	1.31	 ±	0.06		29.57%	±	4.43%
HLT_Mu33NoFiltersNoVtxDisplaced_Photon33_CaloIdL_v2	1	0.17	 ±	0.02		1	0.12	 ±	0.02		29.41%	±	14.40%
HLT_DiPFJetAve80_v2	7	0.31	 ±	0.03		7	0.22	 ±	0.02		29.03%	±	9.42%
HLT_Mu30_TkMu11_v2	1	2.93	 ±	0.10		1	2.09	 ±	0.07		28.67%	±	3.41%
HLT_IsoMu22_TriCentralPFJet50_40_30_v2	1	0.49	 ±	0.04		1	0.35	 ±	0.03		28.57%	±	8.45%
HLT_Mu30_Ele30_CaloIdL_GsfTrkIdVL_v3	1	0.53	 ±	0.04		1	0.38	 ±	0.03		28.30%	±	7.83%
HLT_DoubleMu4_LowMassNonResonantTrk_Displaced_v2	1	9.77	 ±	0.16		1	7.02	 ±	0.14		28.15%	±	1.85%
HLT_Mu33NoFiltersNoVtxDisplaced_DisplacedJet50_Tight_v2	1	0.29	 ±	0.03		1	0.21	 ±	0.02		27.59%	±	10.18%
HLT_Mu15_IsoVVVL_PFHT350_v2	1	1.78	 ±	0.08		1	1.29	 ±	0.06		27.53%	±	4.69%
HLT_IsoMu17_eta2p1_LooseIsoPFTau20_v4	1	1.39	 ±	0.06		1	1.01	 ±	0.05		27.34%	±	4.77%
HLT_Mu38NoFiltersNoVtxDisplaced_DisplacedJet60_Tight_v2	1	0.11	 ±	0.02		1	0.08	 ±	0.01		27.27%	±	16.05%
HLT_IsoMu17_eta2p1_MediumIsoPFTau40_Trk1_eta2p1_Reg_v5	1	0.22	 ±	0.02		1	0.16	 ±	0.02		27.27%	±	11.24%
HLT_Mu14er_PFMET100_v1	1	0.37	 ±	0.04		1	0.27	 ±	0.03		27.03%	±	11.31%
HLT_IsoMu17_eta2p1_MediumIsoPFTau35_Trk1_eta2p1_Reg_v3	1	0.26	 ±	0.02		1	0.19	 ±	0.02		26.92%	±	9.53%
HLT_Mu42NoFiltersNoVtx_Photon42_CaloIdL_v2	1	0.19	 ±	0.02		1	0.14	 ±	0.02		26.32%	±	13.08%
HLT_BTagMu_DiJet70_Mu5_v2	1	22.55	 ±	0.25		1	16.73	 ±	0.21		25.81%	±	1.24%
HLT_Mu8_Ele8_CaloIdM_TrackIdM_Mass8_PFHT300_v4	1	0.70	 ±	0.04		1	0.52	 ±	0.04		25.71%	±	7.12%
HLT_Mu15_IsoVVVL_BTagCSV0p72_PFHT400_v3	1	0.74	 ±	0.04		1	0.55	 ±	0.04		25.68%	±	6.73%
HLT_Mu12_Photon25_CaloIdL_L1OR_v3	2	3.70	 ±	0.10		2	2.76	 ±	0.08		25.41%	±	2.96%
HLT_HT350_DisplacedDijet80_DisplacedTrack_v2	1	0.08	 ±	0.02		1	0.06	 ±	0.01		25.00%	±	22.53%
HLT_Mu8_Ele8_CaloIdM_TrackIdM_Mass8_PFHT250_v1	1	1.13	 ±	0.06		1	0.85	 ±	0.05		24.78%	±	5.96%
HLT_TkMu20_v2	100	1.22	 ±	0.06		100	0.92	 ±	0.05		24.59%	±	5.53%
HLT_Mu45_eta2p1_v2	1	7.72	 ±	0.15		1	5.83	 ±	0.12		24.48%	±	2.14%
HLT_Mu38NoFiltersNoVtxDisplaced_DisplacedJet60_Loose_v2	1	0.37	 ±	0.04		1	0.28	 ±	0.03		24.32%	±	11.52%
HLT_Mu6_PFHT200_PFMET100_v1	1	0.37	 ±	0.04		1	0.28	 ±	0.03		24.32%	±	11.52%
HLT_Mu33NoFiltersNoVtxDisplaced_DisplacedJet50_Loose_v2	1	0.83	 ±	0.05		1	0.63	 ±	0.04		24.10%	±	6.64%
HLT_Mu15_IsoVVVL_PFHT600_v3	1	0.25	 ±	0.02		1	0.19	 ±	0.02		24.00%	±	10.05%
HLT_Mu38NoFiltersNoVtx_DisplacedJet60_Loose_v2	1	0.88	 ±	0.05		1	0.68	 ±	0.04		22.73%	±	6.32%
HLT_BTagMu_DiJet110_Mu5_v2	1	5.66	 ±	0.13		1	4.38	 ±	0.11		22.61%	±	2.63%
HLT_Photon50_v3	360	0.62	 ±	0.04		360	0.48	 ±	0.04		22.58%	±	8.16%
HLT_Ele17_CaloIdL_TrackIdL_IsoVL_v2	11	27.89	 ±	0.28		11	21.64	 ±	0.24		22.41%	±	1.16%
HLT_PFMET120_Mu5_v1	1	0.27	 ±	0.03		1	0.21	 ±	0.02		22.22%	±	11.38%
HLT_Mu23NoFiltersNoVtx_Photon23_CaloIdL_v2	5	0.36	 ±	0.03		5	0.28	 ±	0.03		22.22%	±	10.56%
HLT_Mu3er_PFHT140_PFMET125_v1	1	0.23	 ±	0.03		1	0.18	 ±	0.02		21.74%	±	13.41%
HLT_Mu6_PFHT200_PFMET80_BTagCSV0p72_v1	1	0.56	 ±	0.04		1	0.44	 ±	0.03		21.43%	±	7.76%
HLT_Photon22_R9Id90_HE10_IsoM_v2	800	0.94	 ±	0.06		800	0.75	 ±	0.04		20.21%	±	6.64%
HLT_MET60_IsoTrk35_Loose_v1	70	0.04	 ±	0.01		70	0.05	 ±	0.01		20.00%	±	25.61%
HLT_BTagMu_Jet300_Mu5_v2	1	0.90	 ±	0.06		1	0.72	 ±	0.04		20.00%	±	6.94%
HLT_HT350_DisplacedDijet80_Tight_DisplacedTrack_v2	1	0.05	 ±	0.01		1	0.04	 ±	0.01		20.00%	±	25.61%
HLT_Mu30_eta2p1_PFJet150_PFJet50_v1	1	1.98	 ±	0.08		1	1.60	 ±	0.06		19.19%	±	4.45%
HLT_HT275_v1	1100	0.47	 ±	0.04		1100	0.38	 ±	0.03		19.15%	±	9.39%
HLT_PFJet200_v4	120	1.03	 ±	0.06		120	0.84	 ±	0.05		18.45%	±	6.79%
HLT_Ele12_CaloIdL_TrackIdL_IsoVL_PFJet30_v3	150	1.01	 ±	0.06		150	0.83	 ±	0.05		17.82%	±	6.95%
HLT_Dimuon0er16_Jpsi_NoOS_NoVertexing_v2	14	1.93	 ±	0.08		14	1.59	 ±	0.06		17.62%	±	4.62%
HLT_Dimuon8_PsiPrime_Barrel_v2	1	1.96	 ±	0.08		1	1.63	 ±	0.06		16.84%	±	4.57%
HLT_L2DoubleMu23_NoVertex_v2	28	0.05	 ±	0.02		28	0.06	 ±	0.01		16.67%	±	32.39%
HLT_LooseIsoPFTau50_Trk30_eta2p1_v3	4	1.78	 ±	0.07		4	1.49	 ±	0.06		16.29%	±	4.71%
HLT_Photon22_v2	5000	0.64	 ±	0.04		5000	0.54	 ±	0.04		15.62%	±	8.18%
HLT_Dimuon8_Upsilon_Barrel_v2	1	3.54	 ±	0.10		1	3.00	 ±	0.09		15.25%	±	3.49%
HLT_Ele12_CaloIdM_TrackIdM_PFJet30_v3	300	0.59	 ±	0.04		300	0.50	 ±	0.04		15.25%	±	8.89%
HLT_L1_TripleJet_VBF_v4	1400	4.36	 ±	0.12		1400	3.71	 ±	0.10		14.91%	±	3.28%
HLT_Dimuon0er16_Jpsi_NoVertexing_v2	14	1.69	 ±	0.07		14	1.44	 ±	0.06		14.79%	±	5.01%
HLT_Ele33_CaloIdM_TrackIdM_PFJet30_v3	150	0.83	 ±	0.04		150	0.71	 ±	0.04		14.46%	±	6.34%
HLT_Photon120_R9Id90_HE10_Iso40_EBOnly_PFMET40_v3	1	0.14	 ±	0.02		1	0.12	 ±	0.02		14.29%	±	18.82%
HLT_Dimuon10_Jpsi_Barrel_v2	1	13.76	 ±	0.20		1	11.84	 ±	0.18		13.95%	±	1.81%
HLT_DoubleJet90_Double30_DoubleBTagCSV0p67_v3	7	1.22	 ±	0.06		7	1.05	 ±	0.05		13.93%	±	5.89%
HLT_VBF_DisplacedJet40_Hadronic_2PromptTrack_v2	1	2.52	 ±	0.08		1	2.92	 ±	0.09		13.70%	±	3.88%
HLT_HT575_v1	70	0.32	 ±	0.03		70	0.37	 ±	0.03		13.51%	±	10.72%
HLT_PFHT200_v2	3060	0.52	 ±	0.04		3060	0.45	 ±	0.03		13.46%	±	8.81%
HLT_VBF_DisplacedJet40_Hadronic_v2	1	1.61	 ±	0.06		1	1.86	 ±	0.07		13.44%	±	4.69%
HLT_Dimuon0_Phi_Barrel_v2	1	4.39	 ±	0.11		1	3.80	 ±	0.10		13.44%	±	3.15%
HLT_PFHT550_4JetPt50_v1	15	0.91	 ±	0.06		15	0.79	 ±	0.05		13.19%	±	7.93%
HLT_Photon26_R9Id85_OR_CaloId24b40e_Iso50T80L_Photon16_AND_HE10_R9Id65_Eta2_Mass60_v2	42	0.24	 ±	0.03		42	0.21	 ±	0.02		12.50%	±	13.75%
HLT_ECALHT800_v2	1	0.08	 ±	0.02		1	0.07	 ±	0.01		12.50%	±	25.19%
HLT_Mu40_eta2p1_PFJet200_PFJet50_v3	1	0.57	 ±	0.04		1	0.50	 ±	0.04		12.28%	±	9.33%
HLT_VBF_DisplacedJet40_TightID_Hadronic_v2	1	1.01	 ±	0.06		1	1.15	 ±	0.05		12.17%	±	6.32%
HLT_PFHT475_v2	60	1.00	 ±	0.06		60	0.88	 ±	0.05		12.00%	±	7.27%
HLT_QuadPFJet_VBF_v4	350	0.42	 ±	0.04		350	0.37	 ±	0.03		11.90%	±	11.02%
HLT_MET75_IsoTrk50_v2	1	0.26	 ±	0.02		1	0.23	 ±	0.02		11.54%	±	10.27%
HLT_Ele23_CaloIdM_TrackIdM_PFJet30_v3	300	0.94	 ±	0.06		300	0.84	 ±	0.05		10.64%	±	7.80%
HLT_DiPFJetAve140_v2	1	0.38	 ±	0.04		1	0.34	 ±	0.03		10.53%	±	12.29%
HLT_Photon30_R9Id90_HE10_IsoM_v3	400	0.57	 ±	0.04		400	0.51	 ±	0.04		10.53%	±	9.42%
HLT_RsqMR270_Rsq0p09_MR200_4jet_v2	1	0.20	 ±	0.02		1	0.18	 ±	0.02		10.00%	±	13.45%
HLT_HT350_DisplacedDijet40_DisplacedTrack_v2	1	0.20	 ±	0.02		1	0.18	 ±	0.02		10.00%	±	13.45%
HLT_PFHT300_v2	1020	0.36	 ±	0.04		1020	0.40	 ±	0.03		10.00%	±	11.72%
HLT_Ele15_IsoVVVL_PFHT600_v3	1	0.60	 ±	0.04		1	0.54	 ±	0.04		10.00%	±	8.97%
HLT_Photon90_v3	90	0.30	 ±	0.02		90	0.27	 ±	0.03		10.00%	±	11.66%
HLT_VBF_DisplacedJet40_TightID_DisplacedTrack_v2	1	0.37	 ±	0.04		1	0.41	 ±	0.03		9.76%	±	11.45%
HLT_PFHT400_SixJet30_v3	22	0.42	 ±	0.04		22	0.38	 ±	0.03		9.52%	±	11.19%
HLT_Ele15_IsoVVVL_BTagCSV0p72_PFHT400_v3	1	1.06	 ±	0.06		1	0.96	 ±	0.05		9.43%	±	6.97%
HLT_Ele23_CaloIdL_TrackIdL_IsoVL_v3	400	1.38	 ±	0.06		400	1.25	 ±	0.06		9.42%	±	5.87%
HLT_PFHT650_WideJetMJJ900DEtaJJ1p5_v3	1	1.89	 ±	0.08		1	1.72	 ±	0.07		8.99%	±	5.34%
HLT_PFHT650_WideJetMJJ950DEtaJJ1p5_v3	1	1.45	 ±	0.06		1	1.32	 ±	0.06		8.97%	±	5.60%
HLT_PFMETNoMu120_JetIdCleaned_PFMHTNoMu120_IDTight_v2	1	1.90	 ±	0.08		1	1.73	 ±	0.07		8.95%	±	5.32%
HLT_PFMETNoMu120_PFMHTNoMu120_IDTight_v1	1	1.90	 ±	0.08		1	1.73	 ±	0.07		8.95%	±	5.32%
HLT_HT550_DisplacedDijet40_Inclusive_v2	1	0.56	 ±	0.04		1	0.51	 ±	0.04		8.93%	±	9.66%
HLT_DoublePhoton60_v1	1	1.01	 ±	0.06		1	0.92	 ±	0.05		8.91%	±	7.33%
HLT_Photon75_R9Id90_HE10_Iso40_EBOnly_VBF_v2	1	0.45	 ±	0.04		1	0.41	 ±	0.03		8.89%	±	10.49%
HLT_Diphoton30_18_R9Id_OR_IsoCaloId_AND_HE_R9Id_DoublePixelSeedMatch_Mass70_v1	1	0.90	 ±	0.05		1	0.82	 ±	0.05		8.89%	±	7.52%
HLT_DiPFJet40_DEta3p5_MJJ600_PFMETNoMu80_v1	1	1.70	 ±	0.07		1	1.55	 ±	0.06		8.82%	±	5.15%
HLT_CaloJet500_NoJetID_v2	1	1.95	 ±	0.08		1	1.78	 ±	0.07		8.72%	±	5.19%
HLT_DoublePhoton85_v2	1	0.23	 ±	0.02		1	0.21	 ±	0.02		8.70%	±	11.77%
HLT_DiPFJetAve500_v2	1	0.69	 ±	0.04		1	0.63	 ±	0.04		8.70%	±	7.85%
HLT_MonoCentralPFJet80_PFMETNoMu120_JetIdCleaned_PFMHTNoMu120_IDTight_v2	1	1.85	 ±	0.08		1	1.69	 ±	0.07		8.65%	±	5.47%
HLT_PFHT600_v3	6	3.70	 ±	0.10		6	3.38	 ±	0.09		8.65%	±	3.47%
HLT_MonoCentralPFJet80_PFMETNoMu120_PFMHTNoMu120_IDTight_v1	1	1.85	 ±	0.08		1	1.69	 ±	0.07		8.65%	±	5.47%
HLT_HT500_DisplacedDijet40_Inclusive_v2	1	0.81	 ±	0.04		1	0.74	 ±	0.04		8.64%	±	6.69%
HLT_PFMETNoMu90_PFMHTNoMu90_IDTight_v1	1	4.77	 ±	0.12		1	4.36	 ±	0.11		8.60%	±	3.26%
HLT_Photon120_R9Id90_HE10_IsoM_v3	1	1.28	 ±	0.06		1	1.17	 ±	0.06		8.59%	±	6.35%
HLT_Rsq0p25_v2	1	0.35	 ±	0.03		1	0.32	 ±	0.03		8.57%	±	11.61%
HLT_PFJet140_v4	1	0.70	 ±	0.04		1	0.64	 ±	0.04		8.57%	±	7.74%
HLT_QuadPFJet_DoubleBTagCSV_VBF_Mqq240_v4	1	2.47	 ±	0.08		1	2.26	 ±	0.08		8.50%	±	4.39%
HLT_MonoCentralPFJet80_PFMETNoMu90_PFMHTNoMu90_IDTight_v1	1	4.47	 ±	0.12		1	4.09	 ±	0.10		8.50%	±	3.32%
HLT_MonoCentralPFJet80_PFMETNoMu90_JetIdCleaned_PFMHTNoMu90_IDTight_v3	1	4.47	 ±	0.12		1	4.09	 ±	0.10		8.50%	±	3.32%
HLT_DoubleEle8_CaloIdM_TrackIdM_Mass8_PFHT250_v1	1	0.71	 ±	0.04		1	0.65	 ±	0.04		8.45%	±	7.64%
HLT_DiPFJetAve400_v2	1	2.14	 ±	0.08		1	1.96	 ±	0.07		8.41%	±	4.74%
HLT_Ele27_WPLoose_Gsf_TriCentralPFJet50_40_30_v1	1	1.19	 ±	0.06		1	1.09	 ±	0.05		8.40%	±	6.24%
HLT_PFMETNoMu90_JetIdCleaned_PFMHTNoMu90_IDTight_v3	1	4.76	 ±	0.12		1	4.36	 ±	0.11		8.40%	±	3.27%
HLT_Ele23_Ele12_CaloIdL_TrackIdL_IsoVL_DZ_v3	1	2.03	 ±	0.08		1	1.86	 ±	0.07		8.37%	±	4.99%
HLT_DiPFJetAve300_HFJEC_v3	1	0.12	 ±	0.02		1	0.11	 ±	0.02		8.33%	±	22.61%
HLT_Ele16_Ele12_Ele8_CaloIdL_TrackIdL_v3	1	0.24	 ±	0.02		1	0.22	 ±	0.02		8.33%	±	11.30%
HLT_Photon300_NoHE_v2	1	0.48	 ±	0.04		1	0.44	 ±	0.03		8.33%	±	9.87%
HLT_Ele27_WPLoose_Gsf_WHbbBoost_v2	1	0.84	 ±	0.05		1	0.77	 ±	0.04		8.33%	±	7.24%
HLT_Photon90_R9Id90_HE10_Iso40_EBOnly_PFMET40_v3	1	0.36	 ±	0.04		1	0.33	 ±	0.03		8.33%	±	13.16%
HLT_PFMET170_NoiseCleaned_v3	1	1.81	 ±	0.08		1	1.66	 ±	0.07		8.29%	±	5.60%
HLT_PFJet500_v4	1	1.33	 ±	0.06		1	1.22	 ±	0.06		8.27%	±	6.12%
HLT_DoubleEle33_CaloIdL_GsfTrkIdVL_MW_v3	1	1.33	 ±	0.06		1	1.22	 ±	0.06		8.27%	±	6.12%
HLT_Photon90_CaloIdL_PFHT600_v2	1	1.09	 ±	0.06		1	1.00	 ±	0.05		8.26%	±	6.82%
HLT_PFHT350_DiPFJetAve90_PFAlphaT0p53_v2	1	0.73	 ±	0.04		1	0.67	 ±	0.04		8.22%	±	7.44%
HLT_Ele23_WPLoose_Gsf_CentralPFJet30_BTagCSV07_v2	1	5.97	 ±	0.13		1	5.48	 ±	0.12		8.21%	±	2.83%
HLT_QuadPFJet_DoubleBTagCSV_VBF_Mqq200_v4	1	5.73	 ±	0.12		1	5.26	 ±	0.12		8.20%	±	2.84%
HLT_AK8PFHT650_TrimR0p1PT0p03Mass50_v2	1	5.26	 ±	0.12		1	4.83	 ±	0.11		8.17%	±	2.96%
HLT_AK8PFHT700_TrimR0p1PT0p03Mass50_v3	1	4.04	 ±	0.10		1	3.71	 ±	0.10		8.17%	±	3.36%
HLT_Ele22_eta2p1_WPLoose_Gsf_LooseIsoPFTau20_v3	1	2.94	 ±	0.10		1	2.70	 ±	0.08		8.16%	±	4.14%
HLT_Photon90_CaloIdL_PFHT500_v3	1	2.33	 ±	0.08		1	2.14	 ±	0.07		8.15%	±	4.36%
HLT_Photon42_R9Id85_OR_CaloId24b40e_Iso50T80L_Photon25_AND_HE10_R9Id65_Eta2_Mass15_v2	1	2.21	 ±	0.08		1	2.03	 ±	0.07		8.14%	±	4.59%
HLT_Rsq0p02_MR300_TriPFJet80_60_40_DoublePFBTagCSV0p7_0p4_Mbb60_200_v1	1	7.99	 ±	0.15		1	7.34	 ±	0.14		8.14%	±	2.46%
HLT_LooseIsoPFTau50_Trk30_eta2p1_MET80_v1	1	3.32	 ±	0.10		1	3.05	 ±	0.09		8.13%	±	3.87%
HLT_PFHT800_v2	1	5.66	 ±	0.13		1	5.20	 ±	0.12		8.13%	±	2.99%
HLT_PFMET170_JetIdCleaned_v2	1	1.85	 ±	0.08		1	1.70	 ±	0.07		8.11%	±	5.49%
HLT_Ele27_eta2p1_WPLoose_Gsf_HT200_v2	1	2.59	 ±	0.08		1	2.38	 ±	0.08		8.11%	±	4.19%
HLT_Diphoton30PV_18PV_R9Id_AND_IsoCaloId_AND_HE_R9Id_DoublePixelVeto_Mass55_v1	1	2.96	 ±	0.10		1	2.72	 ±	0.08		8.11%	±	4.12%
HLT_AK8PFJet360_TrimMass30_v3	1	2.47	 ±	0.08		1	2.27	 ±	0.08		8.10%	±	4.40%
HLT_RsqMR270_Rsq0p09_MR200_v2	1	0.99	 ±	0.06		1	0.91	 ±	0.05		8.08%	±	7.52%
HLT_PFMET170_v2	1	5.12	 ±	0.12		1	4.71	 ±	0.11		8.01%	±	3.04%
HLT_DoubleEle33_CaloIdL_GsfTrkIdVL_v3	1	2.25	 ±	0.08		1	2.07	 ±	0.07		8.00%	±	4.51%
HLT_PFHT300_DiPFJetAve90_PFAlphaT0p53_v2	1	1.25	 ±	0.06		1	1.15	 ±	0.05		8.00%	±	5.96%
HLT_DiPFJetAve200_v2	35	1.88	 ±	0.08		35	1.73	 ±	0.07		7.98%	±	5.40%
HLT_Ele27_eta2p1_WPLoose_Gsf_v2	1	33.62	 ±	0.31		1	30.94	 ±	0.28		7.97%	±	1.19%
HLT_DiPFJetAve220_HFJEC_v3	1	1.38	 ±	0.06		1	1.27	 ±	0.06		7.97%	±	5.91%
HLT_Ele35_CaloIdVT_GsfTrkIdT_PFJet150_PFJet50_v1	1	3.64	 ±	0.10		1	3.35	 ±	0.09		7.97%	±	3.54%
HLT_PFJet450_v4	1	2.26	 ±	0.08		1	2.08	 ±	0.07		7.96%	±	4.50%
HLT_Photon250_NoHE_v2	1	1.13	 ±	0.06		1	1.04	 ±	0.05		7.96%	±	6.59%
HLT_Ele23_WPLoose_Gsf_WHbbBoost_v2	1	1.51	 ±	0.06		1	1.39	 ±	0.06		7.95%	±	5.40%
HLT_Ele30WP60_SC4_Mass55_v3	1	10.32	 ±	0.17		1	9.50	 ±	0.16		7.95%	±	2.17%
HLT_PFHT750_4JetPt50_v3	1	3.65	 ±	0.10		1	3.36	 ±	0.09		7.95%	±	3.53%
HLT_Photon75_R9Id90_HE10_Iso40_EBOnly_PFMET40_v3	1	0.63	 ±	0.04		1	0.58	 ±	0.04		7.94%	±	8.63%
HLT_HT450to470_v1	1	12.60	 ±	0.19		1	11.60	 ±	0.17		7.94%	±	1.94%
HLT_AK8DiPFJet280_200_TrimMass30_BTagCSV0p45_v3	1	6.30	 ±	0.14		1	5.80	 ±	0.12		7.94%	±	2.80%
HLT_HT550to650_v1	1	17.40	 ±	0.22		1	16.02	 ±	0.20		7.93%	±	1.64%
HLT_Ele27_WPLoose_Gsf_CentralPFJet30_BTagCSV07_v1	1	5.30	 ±	0.12		1	4.88	 ±	0.11		7.92%	±	2.94%
HLT_PFMET170_HBHECleaned_v2	1	5.05	 ±	0.12		1	4.65	 ±	0.11		7.92%	±	3.09%
HLT_HT500to550_v1	1	16.30	 ±	0.22		1	15.01	 ±	0.20		7.91%	±	1.75%
HLT_Ele27_WPLoose_Gsf_v1	1	54.35	 ±	0.39		1	50.05	 ±	0.36		7.91%	±	0.94%
HLT_PFHT200_DiPFJetAve90_PFAlphaT0p63_v2	1	2.15	 ±	0.08		1	1.98	 ±	0.07		7.91%	±	4.73%
HLT_Photon36_R9Id90_HE10_Iso40_EBOnly_PFMET40_v3	1	6.71	 ±	0.14		1	6.18	 ±	0.13		7.90%	±	2.73%
HLT_PFMET120_BTagCSV0p72_v1	1	0.38	 ±	0.04		1	0.35	 ±	0.03		7.89%	±	12.50%
HLT_AK8PFHT600_TrimR0p1PT0p03Mass50_BTagCSV0p45_v2	1	5.32	 ±	0.12		1	4.90	 ±	0.11		7.89%	±	2.93%
HLT_PFHT400_DiPFJetAve90_PFAlphaT0p51_v2	1	1.14	 ±	0.06		1	1.05	 ±	0.05		7.89%	±	6.54%
HLT_AK8DiPFJet250_200_TrimMass30_BTagCSV0p45_v2	1	9.00	 ±	0.16		1	8.29	 ±	0.15		7.89%	±	2.34%
HLT_HT470to500_v1	1	14.96	 ±	0.20		1	13.78	 ±	0.19		7.89%	±	1.77%
HLT_Photon175_v3	1	2.16	 ±	0.08		1	1.99	 ±	0.07		7.87%	±	4.71%
HLT_PFHT300_DiPFJetAve90_PFAlphaT0p54_v2	1	0.89	 ±	0.06		1	0.82	 ±	0.05		7.87%	±	8.38%
HLT_HT650_v2	1	15.26	 ±	0.21		1	14.06	 ±	0.19		7.86%	±	1.78%
HLT_Photon36_R9Id90_HE10_Iso40_EBOnly_VBF_v2	1	3.18	 ±	0.10		1	2.93	 ±	0.09		7.86%	±	4.05%
HLT_PFMET90_PFMHT90_IDTight_v2	1	4.71	 ±	0.12		1	4.34	 ±	0.11		7.86%	±	3.31%
HLT_Ele23_WPLoose_Gsf_v3	1	81.26	 ±	0.48		1	74.88	 ±	0.44		7.85%	±	0.77%
HLT_Rsq0p02_MR300_TriPFJet80_60_40_DoublePFBTagCSV0p7_Mbb60_200_v1	1	4.08	 ±	0.10		1	3.76	 ±	0.10		7.84%	±	3.33%
HLT_PFHT250_DiPFJetAve90_PFAlphaT0p58_v2	1	1.02	 ±	0.06		1	0.94	 ±	0.05		7.84%	±	7.31%
HLT_VBF_DisplacedJet40_DisplacedTrack_v2	1	0.47	 ±	0.04		1	0.51	 ±	0.04		7.84%	±	10.67%
HLT_Ele23_Ele12_CaloIdL_TrackIdL_IsoVL_v3	1	3.57	 ±	0.10		1	3.29	 ±	0.09		7.84%	±	3.61%
HLT_PFHT450_SixJet40_v3	1	2.68	 ±	0.09		1	2.47	 ±	0.08		7.84%	±	4.30%
HLT_MET200_v1	1	3.96	 ±	0.10		1	3.65	 ±	0.10		7.83%	±	3.43%
HLT_Ele22_eta2p1_WPLoose_Gsf_v3	1	48.66	 ±	0.37		1	44.86	 ±	0.34		7.81%	±	0.99%
HLT_Diphoton30_18_R9Id_OR_IsoCaloId_AND_HE_R9Id_Mass95_v1	1	3.33	 ±	0.10		1	3.07	 ±	0.09		7.81%	±	3.87%
HLT_HT400_DisplacedDijet40_Inclusive_v2	1	2.18	 ±	0.08		1	2.01	 ±	0.07		7.80%	±	4.66%
HLT_HT250_DisplacedDijet40_DisplacedTrack_v2	1	0.77	 ±	0.04		1	0.71	 ±	0.04		7.79%	±	7.07%
HLT_PFMET120_PFMHT120_IDTight_v2	1	1.54	 ±	0.06		1	1.42	 ±	0.06		7.79%	±	5.30%
HLT_Diphoton30EB_18EB_R9Id_OR_IsoCaloId_AND_HE_R9Id_DoublePixelVeto_Mass55_v1	1	3.34	 ±	0.10		1	3.08	 ±	0.09		7.78%	±	3.86%
HLT_Ele22_eta2p1_WPTight_Gsf_v3	1	31.98	 ±	0.30		1	29.50	 ±	0.28		7.75%	±	1.23%
HLT_Ele27_eta2p1_WPLoose_Gsf_LooseIsoPFTau20_v3	1	3.62	 ±	0.10		1	3.34	 ±	0.09		7.73%	±	3.56%
HLT_Ele27_eta2p1_WPTight_Gsf_v2	1	22.53	 ±	0.25		1	20.79	 ±	0.23		7.72%	±	1.45%
HLT_Ele30WP60_Ele8_Mass55_v2	1	4.67	 ±	0.12		1	4.31	 ±	0.11		7.71%	±	3.34%
HLT_Photon120_R9Id90_HE10_Iso40_EBOnly_VBF_v2	1	0.13	 ±	0.02		1	0.12	 ±	0.02		7.69%	±	20.94%
HLT_Photon36_v3	1250	0.48	 ±	0.04		1250	0.52	 ±	0.04		7.69%	±	10.47%
HLT_Photon90_R9Id90_HE10_Iso40_EBOnly_VBF_v2	1	0.26	 ±	0.02		1	0.24	 ±	0.02		7.69%	±	10.47%
HLT_Photon36_R9Id85_OR_CaloId24b40e_Iso50T80L_Photon22_AND_HE10_R9Id65_Eta2_Mass15_v2	1	3.77	 ±	0.10		1	3.48	 ±	0.10		7.69%	±	3.61%
HLT_Photon165_HE10_v3	1	2.34	 ±	0.08		1	2.16	 ±	0.07		7.69%	±	4.35%
HLT_Diphoton30_18_Solid_R9Id_AND_IsoCaloId_AND_HE_R9Id_Mass55_v1	1	2.87	 ±	0.09		1	2.65	 ±	0.08		7.67%	±	4.02%
HLT_PFMET110_PFMHT110_IDTight_v2	1	2.09	 ±	0.08		1	1.93	 ±	0.07		7.66%	±	4.87%
HLT_PFHT200_DiPFJetAve90_PFAlphaT0p57_v2	1	4.85	 ±	0.12		1	4.48	 ±	0.11		7.63%	±	3.22%
HLT_Ele22_eta2p1_WPLoose_Gsf_LooseIsoPFTau20_SingleL1_v2	1	4.72	 ±	0.12		1	4.36	 ±	0.11		7.63%	±	3.31%
HLT_QuadPFJet_SingleBTagCSV_VBF_Mqq460_v4	1	1.72	 ±	0.07		1	1.59	 ±	0.06		7.56%	±	5.13%
HLT_Ele27_eta2p1_WPLoose_Gsf_DoubleMediumIsoPFTau40_Trk1_eta2p1_Reg_v3	1	0.53	 ±	0.04		1	0.49	 ±	0.04		7.55%	±	10.28%
HLT_PFHT400_SixJet30_BTagCSV0p55_2PFBTagCSV0p72_v3	1	1.46	 ±	0.06		1	1.35	 ±	0.06		7.53%	±	5.60%
HLT_DiPFJetAve160_HFJEC_v3	6	1.86	 ±	0.08		6	1.72	 ±	0.07		7.53%	±	5.48%
HLT_Ele105_CaloIdVT_GsfTrkIdT_v3	1	3.19	 ±	0.10		1	2.95	 ±	0.09		7.52%	±	4.05%
HLT_Photon50_R9Id90_HE10_Iso40_EBOnly_VBF_v2	1	1.33	 ±	0.06		1	1.23	 ±	0.06		7.52%	±	6.14%
HLT_Ele15_IsoVVVL_PFHT350_v2	1	4.66	 ±	0.12		1	4.31	 ±	0.11		7.51%	±	3.35%
HLT_PFMET100_PFMHT100_IDTight_v2	1	2.81	 ±	0.09		1	2.60	 ±	0.08		7.47%	±	4.11%
HLT_Ele32_eta2p1_WPTight_Gsf_v2	1	13.92	 ±	0.20		1	12.88	 ±	0.18		7.47%	±	1.85%
HLT_Ele17_Ele12_CaloIdL_TrackIdL_IsoVL_DZ_v3	1	2.42	 ±	0.08		1	2.24	 ±	0.08		7.44%	±	4.50%
HLT_Ele27_eta2p1_WPLoose_Gsf_DoubleMediumIsoPFTau35_Trk1_eta2p1_Reg_v2	1	0.54	 ±	0.04		1	0.50	 ±	0.04		7.41%	±	10.10%
HLT_PFHT200_PFAlphaT0p51_v2	175	0.25	 ±	0.02		175	0.27	 ±	0.03		7.41%	±	13.06%
HLT_PFHT450_SixJet40_PFBTagCSV0p72_v3	1	1.35	 ±	0.06		1	1.25	 ±	0.06		7.41%	±	6.06%
HLT_RsqMR240_Rsq0p09_MR200_v2	1	3.25	 ±	0.10		1	3.01	 ±	0.09		7.38%	±	3.97%
HLT_CaloMHTNoPU90_PFMET90_PFMHT90_IDTight_BTagCSV0p72_v2	1	0.82	 ±	0.05		1	0.76	 ±	0.04		7.32%	±	7.47%
HLT_PFHT350_DiPFJetAve90_PFAlphaT0p52_v2	1	0.96	 ±	0.06		1	0.89	 ±	0.05		7.29%	±	7.79%
HLT_PFHT250_DiPFJetAve90_PFAlphaT0p55_v2	1	1.95	 ±	0.08		1	1.81	 ±	0.07		7.18%	±	5.23%
HLT_Photon50_R9Id90_HE10_Iso40_EBOnly_PFMET40_v3	1	2.09	 ±	0.08		1	1.94	 ±	0.07		7.18%	±	4.88%
HLT_Photon75_v3	180	0.28	 ±	0.03		180	0.26	 ±	0.03		7.14%	±	14.62%
HLT_PFHT400_DiPFJetAve90_PFAlphaT0p52_v2	1	0.56	 ±	0.04		1	0.52	 ±	0.04		7.14%	±	9.75%
HLT_QuadPFJet_SingleBTagCSV_VBF_Mqq500_v4	1	0.84	 ±	0.05		1	0.78	 ±	0.04		7.14%	±	7.30%
HLT_DoubleEle24_22_eta2p1_WPLoose_Gsf_v2	1	0.70	 ±	0.04		1	0.65	 ±	0.04		7.14%	±	7.80%
HLT_DoubleJetsC100_DoubleBTagCSV0p9_DoublePFJetsC100MaxDeta1p6_v2	1	1.70	 ±	0.07		1	1.58	 ±	0.06		7.06%	±	5.21%
HLT_Ele23_WPLoose_Gsf_TriCentralPFJet50_40_30_v2	1	1.44	 ±	0.06		1	1.34	 ±	0.06		6.94%	±	5.69%
HLT_DoubleJetsC100_DoubleBTagCSV0p85_DoublePFJetsC160_v2	1	0.87	 ±	0.05		1	0.81	 ±	0.05		6.90%	±	7.85%
HLT_Ele115_CaloIdVT_GsfTrkIdT_v2	1	2.20	 ±	0.08		1	2.05	 ±	0.07		6.82%	±	4.65%
HLT_LooseIsoPFTau50_Trk30_eta2p1_MET120_v1	1	0.44	 ±	0.04		1	0.41	 ±	0.03		6.82%	±	10.87%
HLT_Photon135_PFMET100_v1	1	0.89	 ±	0.05		1	0.83	 ±	0.05		6.74%	±	7.68%
HLT_Ele45_CaloIdVT_GsfTrkIdT_PFJet200_PFJet50_v3	1	1.04	 ±	0.06		1	0.97	 ±	0.05		6.73%	±	7.22%
HLT_DiCentralPFJet55_PFMET110_v1	1	1.19	 ±	0.06		1	1.11	 ±	0.05		6.72%	±	6.31%
HLT_DoubleJetsC112_DoubleBTagCSV0p9_DoublePFJetsC112MaxDeta1p6_v2	1	1.19	 ±	0.06		1	1.11	 ±	0.05		6.72%	±	6.31%
HLT_CaloMHTNoPU90_PFMET90_PFMHT90_IDTight_v2	7	0.42	 ±	0.04		7	0.45	 ±	0.03		6.67%	±	10.64%
HLT_QuadJet45_TripleBTagCSV0p67_v3	1	1.06	 ±	0.06		1	0.99	 ±	0.05		6.60%	±	7.09%
HLT_DoubleJet90_Double30_TripleBTagCSV0p67_v3	1	1.22	 ±	0.06		1	1.14	 ±	0.05		6.56%	±	6.16%
HLT_DoubleMediumIsoPFTau35_Trk1_eta2p1_Reg_v2	1	6.07	 ±	0.14		1	5.68	 ±	0.12		6.43%	±	2.93%
HLT_QuadJet45_DoubleBTagCSV0p67_v3	7	1.09	 ±	0.06		7	1.02	 ±	0.05		6.42%	±	6.90%
HLT_PFHT350_PFMET100_v1	1	1.61	 ±	0.07		1	1.51	 ±	0.06		6.21%	±	5.52%
HLT_Ele15_IsoVVVL_PFHT350_PFMET50_v2	1	0.65	 ±	0.04		1	0.61	 ±	0.04		6.15%	±	8.44%
HLT_DoubleJetsC112_DoubleBTagCSV0p85_DoublePFJetsC172_v2	1	0.66	 ±	0.05		1	0.62	 ±	0.04		6.06%	±	9.35%
HLT_PFJet260_v4	8	4.35	 ±	0.11		8	4.09	 ±	0.10		5.98%	±	3.31%
HLT_PFHT250_v2	2040	0.34	 ±	0.04		2040	0.32	 ±	0.03		5.88%	±	14.16%
HLT_Photon165_R9Id90_HE10_IsoM_v3	1	0.34	 ±	0.04		1	0.32	 ±	0.03		5.88%	±	14.16%
HLT_Photon22_R9Id90_HE10_Iso40_EBOnly_VBF_v2	12	1.03	 ±	0.06		12	0.97	 ±	0.05		5.83%	±	7.33%
HLT_DoubleMediumIsoPFTau40_Trk1_eta2p1_Reg_v4	1	4.99	 ±	0.12		1	4.70	 ±	0.11		5.81%	±	3.16%
HLT_PFJet400_v4	2	1.94	 ±	0.08		2	1.83	 ±	0.07		5.67%	±	5.31%
HLT_PFJet320_v4	4	3.00	 ±	0.10		4	2.83	 ±	0.09		5.67%	±	4.35%
HLT_Rsq0p30_v2	1	0.18	 ±	0.02		1	0.17	 ±	0.02		5.56%	±	15.28%
HLT_MET90_IsoTrk50_v2	1	0.18	 ±	0.02		1	0.17	 ±	0.02		5.56%	±	15.28%
HLT_Ele17_Ele12_CaloIdL_TrackIdL_IsoVL_v3	2	2.54	 ±	0.08		2	2.40	 ±	0.08		5.51%	±	4.33%
HLT_PFHT350_v3	180	1.18	 ±	0.06		180	1.12	 ±	0.05		5.08%	±	6.42%
HLT_VBF_DisplacedJet40_DisplacedTrack_2TrackIP2DSig5_v2	1	0.58	 ±	0.04		1	0.61	 ±	0.04		4.92%	±	9.05%
HLT_DoubleEle8_CaloIdM_TrackIdM_Mass8_PFHT300_v4	1	0.41	 ±	0.04		1	0.39	 ±	0.03		4.88%	±	11.82%
HLT_Photon90_R9Id90_HE10_IsoM_v3	2	1.86	 ±	0.08		2	1.77	 ±	0.07		4.84%	±	5.56%
HLT_HT425_v1	210	0.41	 ±	0.04		210	0.43	 ±	0.03		4.65%	±	11.28%
HLT_DiPFJetAve320_v2	4	1.57	 ±	0.07		4	1.50	 ±	0.06		4.46%	±	5.72%
HLT_Photon50_R9Id90_HE10_IsoM_v3	20	1.73	 ±	0.07		20	1.66	 ±	0.07		4.05%	±	5.61%
HLT_RsqMR240_Rsq0p09_MR200_4jet_v2	1	0.50	 ±	0.04		1	0.48	 ±	0.04		4.00%	±	11.09%
HLT_PFHT400_v2	120	1.03	 ±	0.06		120	0.99	 ±	0.05		3.88%	±	7.41%
HLT_HT200_v1	2800	0.54	 ±	0.04		2800	0.52	 ±	0.04		3.70%	±	10.28%
HLT_Photon36_R9Id90_HE10_IsoM_v3	200	0.56	 ±	0.04		200	0.54	 ±	0.04		3.57%	±	9.92%
HLT_Ele33_CaloIdL_TrackIdL_IsoVL_PFJet30_v3	380	0.30	 ±	0.03		380	0.29	 ±	0.03		3.33%	±	13.91%
HLT_Photon75_R9Id90_HE10_IsoM_v3	4	1.87	 ±	0.08		4	1.81	 ±	0.07		3.21%	±	5.58%
HLT_PFHT650_v3	5	2.99	 ±	0.09		5	2.92	 ±	0.09		2.34%	±	4.21%
HLT_Ele23_CaloIdL_TrackIdL_IsoVL_PFJet30_v3	650	0.42	 ±	0.04		650	0.43	 ±	0.03		2.33%	±	11.46%
HLT_HT325_v1	570	0.48	 ±	0.04		570	0.49	 ±	0.04		2.04%	±	11.43%
HLT_DiPFJetAve100_HFJEC_v3	1	0.49	 ±	0.04		1	0.50	 ±	0.04		2.00%	±	11.20%
HLT_DiPFJetAve260_v2	24	0.72	 ±	0.04		24	0.71	 ±	0.04		1.39%	±	7.80%
HLT_L1Tech_DT_GlobalOR_v2	3000	0.00	 ±	0.00		3000	0	 ±	0		0.00%	±	0.00%
********************************************************************************************************
path not matched in frozen_2015_25ns14e33_v4.4_HLT_V1_Rate_v2_hltmenu_13TeV_2.0e33_20151017_p.tsv
********************************************************************************************************
	HLT_Physics_v2
	HLT_Random_v1
********************************************************************************************************
path not matched in frozen_2015_25ns14e33_v4.4_HLT_V1_25ns_data_Run_256843_Rates.tsv
********************************************************************************************************
	HLT_HcalCalibration_v1
	HLT_HIL1DoubleMu0BPTX_v1
	HLT_HIL2Mu3BPTX_v1
	HLT_AK4CaloJet100_v2
	HLT_HISinglePhoton20ForEndOfFill_v1
	HLT_AK4CaloJet30_v3
	HLT_PFMET300_v1
	HLT_PFMET400_v1
	HLT_HT2500_v1
	HLT_FullTrack50_v2
	HLT_Mu300_v1
	HLT_HIL3Mu3BPTX_v1
	HLT_Photon500_v1
	HLT_AK4PFJet100_v3
	HLT_AK4PFJet50_v3
	HLT_IsoTrackHE_v1
	HLT_FullTrack12ForEndOfFill_v1
	HLT_HISinglePhoton60_v2
	HLT_AK4PFJet30_v3
	HLT_AK4PFJet80_v3
	HLT_HISinglePhoton15ForEndOfFill_v1
	HLT_ZeroBias_IsolatedBunches_v1
	HLT_IsoTrackHB_v1
	HLT_Activity_Ecal_SC7_v2
	HLT_Photon600_v1
	HLT_HISinglePhoton10ForEndOfFill_v1
	HLT_MET250_v1
	HLT_AK4CaloJet40_v2
	HLT_AK4CaloJet80_v2
	HLT_HIL2DoubleMu0BPTX_v1
	HLT_HISinglePhoton40_v2
	HLT_GlobalRunHPDNoise_v2
	HLT_MET300_v1
	HLT_AK4CaloJet50_v2
	HLT_HT2000_v1
	HLT_Mu350_v1
********************************************************************************************************
********************************************************************************************************
Numbers of the same path between file1 and file2 is: 399 
Numbers of the rest path in "frozen_2015_25ns14e33_v4.4_HLT_V1_Rate_v2_hltmenu_13TeV_2.0e33_20151017_p.tsv" is: 2 
Numbers of the rest path in "frozen_2015_25ns14e33_v4.4_HLT_V1_25ns_data_Run_256843_Rates.tsv" is: 36 
