Prescale	Path	Dataset	Group		Total	HLTPhysics0	HLTPhysics1	
-1	TotalEvents				1100918.0	538883.0	562035.0
-1	HLT_HT350_DisplacedDijet80_Tight_DisplacedTrack_v4	EXO	OnlineMonitor,DisplacedJet		6.0	3.0	3.0
-1	HLT_DoubleMu23NoFiltersNoVtxDisplaced_v3	EXO	OnlineMonitor,DoubleMuon		16.0	9.0	7.0
-1	HLT_HcalCalibration_v2	null	TestEnablesEcalHcal,TestEnablesEcalHcalDQM		0.0	0.0	0.0
-1	HLT_DoubleMediumIsoPFTau35_Trk1_eta2p1_Reg_v5	TAU,HIG,EXO	OnlineMonitor,Tau		761.0	387.0	374.0
-1	HLT_AK8PFJet140_v2	SMP	OnlineMonitor,JetHT		19.0	8.0	11.0
-1	HLT_Mu33NoFiltersNoVtxDisplaced_DisplacedJet50_Loose_v3	EXO	OnlineMonitor,SingleMuon		0.0	0.0	0.0
-1	HLT_Photon22_R9Id90_HE10_Iso40_EBOnly_PFMET40_v7	HIG	OnlineMonitor,SinglePhoton		3.0	3.0	0.0
-1	HLT_Dimuon0er16_Jpsi_NoOS_NoVertexing_v3	BPH	OnlineMonitor,Charmonium		10.0	5.0	5.0
-1	HLT_PFHT650_WideJetMJJ900DEtaJJ1p5_v6	EXO	OnlineMonitor,JetHT		129.0	61.0	68.0
-1	HLT_HT500to550_v3	EXO	OnlineMonitor,ParkingHT500to550,ParkingScoutingMonitor		1399.0	650.0	749.0
-1	HLT_Ele15_IsoVVVL_PFHT400_v4	SUS	OnlineMonitor,SingleElectron		71.0	35.0	36.0
-1	HLT_Mu38NoFiltersNoVtxDisplaced_DisplacedJet60_Tight_v3	EXO	OnlineMonitor,SingleMuon		21.0	8.0	13.0
-1	HLT_Photon30_v6	SMP	OnlineMonitor,SinglePhoton		8.0	5.0	3.0
-1	HLT_L1FatEvents_part1_v1	null	HLTPhysics1		157277.0	76978.0	80299.0
-1	HLT_Mu300_v2	EXO	OnlineMonitor,ExpressPhysics,SingleMuon		3.0	2.0	1.0
-1	HLT_Mu55_v3	EXO	OnlineMonitor,SingleMuon		221.0	100.0	121.0
-1	HLT_PFMETNoMu110_PFMHTNoMu110_IDTight_v5	EXO,SUS	OnlineMonitor,MET		152.0	80.0	72.0
-1	HLT_HT500_DisplacedDijet40_Inclusive_v4	EXO	OnlineMonitor,DisplacedJet		0.0	0.0	0.0
-1	HLT_Mu20_Mu10_v3	Higgs	OnlineMonitor,DoubleMuon		15.0	10.0	5.0
-1	HLT_DoubleJetsC112_DoubleBTagCSV_p026_DoublePFJetsC172_v3	Higgs,Analysis	OnlineMonitor,BTagCSV		110.0	50.0	60.0
-1	HLT_Photon30_R9Id90_HE10_IsoM_v7	SMP,SUS	OnlineMonitor,SinglePhoton		15.0	12.0	3.0
-1	HLT_Mu17_Photon22_CaloIdL_L1ISO_v4	HIG	OnlineMonitor,MuonEG		0.0	0.0	0.0
-1	HLT_DiPFJet40_DEta3p5_MJJ600_PFMETNoMu80_v3	HIG	OnlineMonitor,HTMHT		1.0	0.0	1.0
-1	HLT_DiPFJet15_NoCaloMatched_v3	FSQ	OnlineMonitor,FSQJets		0.0	0.0	0.0
-1	HLT_Mu17_v3	SUS	OnlineMonitor,DoubleMuon		32.0	12.0	20.0
-1	HLT_DoublePhoton85_v7	Egamma,EXO	OnlineMonitor,EventDisplay,DoubleEG		13.0	6.0	7.0
-1	HLT_FullTracks_Multiplicity100_v2	FSQ,HIN	OnlineMonitor,HighMultiplicityEOF		0.0	0.0	0.0
-1	HLT_HT425_v3	EXO	OnlineMonitor,DisplacedJet		17.0	10.0	7.0
-1	HLT_PFJet400_v7	SMP	OnlineMonitor,JetHT		31.0	14.0	17.0
-1	HLT_Ele115_CaloIdVT_GsfTrkIdT_v6	EXO	OnlineMonitor,SingleElectron		190.0	96.0	94.0
-1	HLT_PFJet260_v7	JetMET	OnlineMonitor,JetHT		23.0	14.0	9.0
-1	HLT_Photon50_R9Id90_HE10_Iso40_EBOnly_PFMET40_v7	HIG	OnlineMonitor,SinglePhoton		13.0	7.0	6.0
-1	HLT_Mu17_TkMu8_DZ_v3	MUO	OnlineMonitor,DoubleMuon		12.0	7.0	5.0
-1	HLT_Photon36_R9Id90_HE10_IsoM_v7	SMP,SUS	OnlineMonitor,SinglePhoton		39.0	20.0	19.0
-1	HLT_AK4PFJet100_v5	HIN	OnlineMonitor,EventDisplay,HINPFJets		0.0	0.0	0.0
-1	HLT_Ele27_eta2p1_WPLoose_Gsf_v7	EGM	OnlineMonitor,HLTMonitor,SingleElectron		1715.0	849.0	866.0
-1	HLT_Photon50_R9Id90_HE10_IsoM_v7	SMP,SUS	OnlineMonitor,SinglePhoton		17.0	10.0	7.0
-1	HLT_Ele22_eta2p1_WPLoose_Gsf_LooseIsoPFTau29_v1	Tau,HIG,EXO	OnlineMonitor,SingleElectron		114.0	63.0	51.0
-1	HLT_PFHT200_PFAlphaT0p51_v5	null	OnlineMonitor,HTMHT		24.0	13.0	11.0
-1	HLT_Mu28NoFiltersNoVtx_DisplacedJet40_Loose_v3	EXO	OnlineMonitor,SingleMuon		3.0	3.0	0.0
-1	HLT_Mu17_Photon35_CaloIdL_L1ISO_v7	EXO	OnlineMonitor,MuonEG		76.0	37.0	39.0
-1	HLT_Mu7p5_Track3p5_Jpsi_v3	BPH	OnlineMonitor,Charmonium		10.0	2.0	8.0
-1	HLT_PFHT800_v5	null	OnlineMonitor,JetHT		419.0	216.0	203.0
-1	HLT_Mu28NoFiltersNoVtxDisplaced_Photon28_CaloIdL_v5	EXO	OnlineMonitor,MuonEG		27.0	13.0	14.0
-1	HLT_Rsq0p30_v4	SUS	OnlineMonitor,HTMHT		16.0	11.0	5.0
-1	HLT_IsoMu22_v3	SMP,Top,Higgs ,MUO	OnlineMonitor,SingleMuon		1751.0	863.0	888.0
-1	HLT_AK4PFJet30_v5	HIN	OnlineMonitor,HINPFJets		0.0	0.0	0.0
-1	HLT_DiPFJetAve80_HFJEC_v6	FSQ,JME	OnlineMonitor,JetHT		7.0	4.0	3.0
-1	HLT_JetE30_NoBPTX3BX_v3	EXO	OnlineMonitor,NoBPTX		3.0	0.0	3.0
-1	HLT_PixelTracks_Multiplicity135ForEndOfFill_v3	FSQ,HIN	OnlineMonitor,HighMultiplicityEOF		0.0	0.0	0.0
-1	HLT_Dimuon6_Jpsi_NoVertexing_v3	BPH	OnlineMonitor,Charmonium		21.0	11.0	10.0
-1	HLT_AK4CaloJet100_v3	HIN	OnlineMonitor,HINCaloJets		0.0	0.0	0.0
-1	HLT_Ele25_WPTight_Gsf_v6	EGM	OnlineMonitor,SingleElectron		0.0	0.0	0.0
-1	HLT_PFHT650_4JetPt50_v4	EXO	OnlineMonitor,JetHT		14.0	7.0	7.0
-1	HLT_Ele45_WPLoose_Gsf_v6	EGM	OnlineMonitor,SingleElectron		560.0	288.0	272.0
-1	HLT_Ele10_CaloIdM_TrackIdM_CentralPFJet30_BTagCSV_p13_v5	null	OnlineMonitor,DoubleEG		14.0	7.0	7.0
-1	HLT_Photon75_R9Id90_HE10_Iso40_EBOnly_PFMET40_v7	HIG	OnlineMonitor,SinglePhoton		14.0	7.0	7.0
-1	HLT_TkMu20_v4	SMP	OnlineMonitor,SingleMuon		13.0	8.0	5.0
-1	HLT_IsoMu21_eta2p1_LooseIsoPFTau20_SingleL1_v3	TAU,HIG	OnlineMonitor,SingleMuon		108.0	54.0	54.0
-1	HLT_IsoMu20_v4	SMP,MUO	OnlineMonitor,ExpressPhysics,SingleMuon		0.0	0.0	0.0
-1	HLT_Mu8_TrkIsoVVL_DiPFJet40_DEta3p5_MJJ750_HTT300_PFMETNoMu60_v2	null	OnlineMonitor,SingleMuon		5.0	1.0	4.0
-1	HLT_TrkMu17_DoubleTrkMu8NoFiltersNoVtx_v4	EXO PAG	OnlineMonitor,DoubleMuon		12.0	6.0	6.0
-1	HLT_TripleMu_12_10_5_v3	HIG	OnlineMonitor,DoubleMuon		24.0	12.0	12.0
-1	HLT_DoubleEle8_CaloIdM_TrackIdM_Mass8_PFHT250_v5	null	OnlineMonitor,DoubleEG		0.0	0.0	0.0
-1	HLT_Physics_v4	null	OnlineMonitor,ExpressPhysics,HLTPhysics		15728.0	7699.0	8029.0
-1	HLT_LooseIsoPFTau50_Trk30_eta2p1_MET120_v3	HIG,TAU. EXO	OnlineMonitor,Tau		36.0	18.0	18.0
-1	HLT_Mu15_IsoVVVL_PFHT400_PFMET50_v3	SUS	OnlineMonitor,SingleMuon		29.0	14.0	15.0
-1	HLT_Rsq0p02_MR450_TriPFJet80_60_40_DoubleBTagCSV_p063_Mbb60_200_v1	SUS	OnlineMonitor,BTagCSV		226.0	106.0	120.0
-1	HLT_AK4CaloJet30_v4	HIN	OnlineMonitor,HINCaloJets		0.0	0.0	0.0
-1	HLT_Ele20_eta2p1_WPLoose_Gsf_LooseIsoPFTau28_v1	Tau,HIG,EXO	OnlineMonitor,SingleElectron		127.0	67.0	60.0
-1	HLT_Mu42NoFiltersNoVtx_Photon42_CaloIdL_v5	EXO	OnlineMonitor,MuonEG		10.0	7.0	3.0
-1	HLT_PixelTracks_Multiplicity85ForEndOfFill_v2	FSQ,HIN	OnlineMonitor,HighMultiplicity85EOF		0.0	0.0	0.0
-1	HLT_Ele25_eta2p1_WPLoose_Gsf_v6	EGM	OnlineMonitor,SingleElectron		0.0	0.0	0.0
-1	HLT_Photon90_CaloIdL_PFHT600_v6	SUS,EXO	OnlineMonitor,SinglePhoton		100.0	40.0	60.0
-1	HLT_Photon22_R9Id90_HE10_Iso40_EBOnly_VBF_v6	HIG	OnlineMonitor,SinglePhoton		0.0	0.0	0.0
-1	HLT_MET60_IsoTrk35_Loose_v2	EXO	OnlineMonitor,MET		0.0	0.0	0.0
-1	HLT_HcalIsolatedbunch_v1	HCAL DPG	OnlineMonitor,Commissioning		0.0	0.0	0.0
-1	HLT_DiCentralPFJet220_CFMax0p3_v3	EXO.	OnlineMonitor,JetHT		0.0	0.0	0.0
-1	HLT_PFHT200_DiPFJetAve90_PFAlphaT0p63_v5	SUS	OnlineMonitor,HTMHT		180.0	83.0	97.0
-1	HLT_Diphoton30_18_Solid_R9Id_AND_IsoCaloId_AND_HE_R9Id_Mass55_v6	null	OnlineMonitor,DoubleEG		0.0	0.0	0.0
-1	HLT_DiPFJetAve60_v6	JME	OnlineMonitor,JetHT		22.0	11.0	11.0
-1	HLT_Mu12_Photon25_CaloIdL_v6	HIG	OnlineMonitor,MuonEG		0.0	0.0	0.0
-1	HLT_Rsq0p25_v4	SUS	OnlineMonitor,HTMHT		23.0	15.0	8.0
-1	HLT_Mu38NoFiltersNoVtxDisplaced_DisplacedJet60_Loose_v3	EXO	OnlineMonitor,SingleMuon		43.0	21.0	22.0
-1	HLT_DiPFJetAve140_v5	JME	OnlineMonitor,JetHT		11.0	4.0	7.0
-1	HLT_PFMET300_v4	PPD	OnlineMonitor,MET		11.0	7.0	4.0
-1	HLT_IsoMu17_eta2p1_LooseIsoPFTau20_SingleL1_v6	TAU,HIG	OnlineMonitor,SingleMuon		0.0	0.0	0.0
-1	HLT_HT450to470_v3	EXO	OnlineMonitor,ParkingHT450to470,ParkingScoutingMonitor		1147.0	562.0	585.0
-1	HLT_L2DoubleMu38_NoVertex_2Cha_Angle2p5_Mass10_v4	EXO	OnlineMonitor,DoubleMuon		23.0	15.0	8.0
-1	HLT_Mu27_Ele37_CaloIdL_GsfTrkIdVL_v4	null	OnlineMonitor,MuonEG		25.0	12.0	13.0
-1	HLT_CaloJet500_NoJetID_v4	null	OnlineMonitor,JetHT		94.0	43.0	51.0
-1	HLT_HT400_DisplacedDijet40_Inclusive_v4	EXO	OnlineMonitor,DisplacedJet		0.0	0.0	0.0
-1	HLT_DiPFJetAve35_HFJEC_v4	FSQ,JME	OnlineMonitor,FSQJets		0.0	0.0	0.0
-1	HLT_Dimuon10_Jpsi_Barrel_v5	BPH	OnlineMonitor,Charmonium		0.0	0.0	0.0
-1	HLT_Mu8_TrkIsoVVL_Ele17_CaloIdL_TrackIdL_IsoVL_v7	HIG	OnlineMonitor,MuonEG		0.0	0.0	0.0
-1	HLT_Ele17_CaloIdM_TrackIdM_PFJet30_v5	SUS	OnlineMonitor,DoubleEG		18.0	6.0	12.0
-1	HLT_AK8PFJet80_v2	SMP	OnlineMonitor,JetHT		19.0	11.0	8.0
-1	HLT_IsoMu22_eta2p1_v2	TAU,HIG	OnlineMonitor,SingleMuon		1597.0	790.0	807.0
-1	HLT_HT350_DisplacedDijet40_Inclusive_v3	EXO	OnlineMonitor,DisplacedJet		1.0	1.0	0.0
-1	HLT_AK8PFJet60_v2	SMP	OnlineMonitor,JetHT		20.0	9.0	11.0
-1	HLT_CaloMHTNoPU90_PFMET90_PFMHT90_IDTight_BTagCSV_p067_v4	HIG ,Hbb	OnlineMonitor,MET		75.0	41.0	34.0
-1	HLT_Mu40_eta2p1_PFJet200_PFJet50_v5	B2G	OnlineMonitor,SingleMuon		31.0	14.0	17.0
-1	HLT_DiPFJet15_FBEta3_NoCaloMatched_v4	FSQ	OnlineMonitor,FSQJets		0.0	0.0	0.0
-1	HLT_PixelTracks_Multiplicity110ForEndOfFill_v3	FSQ,HIN	OnlineMonitor,HighMultiplicityEOF		0.0	0.0	0.0
-1	HLT_RsqMR270_Rsq0p09_MR200_v4	SUS	OnlineMonitor,HTMHT		90.0	43.0	47.0
-1	HLT_Mu38NoFiltersNoVtx_DisplacedJet60_Loose_v3	EXO	OnlineMonitor,SingleMuon		98.0	48.0	50.0
-1	HLT_DiPFJet25_NoCaloMatched_v3	FSQ	OnlineMonitor,FSQJets		0.0	0.0	0.0
-1	HLT_PFMET170_BeamHaloCleaned_v4	JME	OnlineMonitor,MET		13.0	9.0	4.0
-1	HLT_DoubleMu3_PFMET50_v3	SUS	OnlineMonitor,MET		56.0	30.0	26.0
-1	HLT_HT275_v3	EXO	OnlineMonitor,DisplacedJet		15.0	8.0	7.0
-1	HLT_Photon120_R9Id90_HE10_IsoM_v7	SMP,SUS	OnlineMonitor,SinglePhoton		22.0	15.0	7.0
-1	HLT_L1MinimumBiasHF_OR_v2	null	OnlineMonitor,L1MinimumBias		0.0	0.0	0.0
-1	HLT_PFJet80_v6	SMP	OnlineMonitor,JetHT		14.0	10.0	4.0
-1	HLT_PFHT350_DiPFJetAve90_PFAlphaT0p53_v5	SUS	OnlineMonitor,HTMHT		65.0	34.0	31.0
-1	HLT_L1FatEvents_v1	null	OnlineMonitor,ExpressPhysics,HLTPhysics		15728.0	7699.0	8029.0
-1	HLT_SingleCentralPFJet170_CFMax0p1_v3	EXO.	OnlineMonitor,JetHT		12.0	5.0	7.0
-1	HLT_HT2500_v3	PPD	OnlineMonitor,ExpressPhysics,JetHT		0.0	0.0	0.0
-1	HLT_Ele23_Ele12_CaloIdL_TrackIdL_IsoVL_DZ_v8	HIG	OnlineMonitor,ExpressPhysics,HLTMonitor,DoubleEG		125.0	77.0	48.0
-1	HLT_MET700_v3	PPD,AlCa	OnlineMonitor,ExpressPhysics,MET		0.0	0.0	0.0
-1	HLT_AK8PFJet200_v2	SMP	OnlineMonitor,JetHT		13.0	5.0	8.0
-1	HLT_Mu33NoFiltersNoVtxDisplaced_DisplacedJet50_Tight_v3	EXO	OnlineMonitor,SingleMuon		0.0	0.0	0.0
-1	HLT_DoubleJetsC100_DoubleBTagCSV_p014_DoublePFJetsC100MaxDeta1p6_v3	Higgs,Analysis	OnlineMonitor,BTagCSV		198.0	101.0	97.0
-1	HLT_DoubleMu4_JpsiTrk_Displaced_v5	BPH	OnlineMonitor,Charmonium		304.0	151.0	153.0
-1	HLT_DiPFJetAve100_HFJEC_v6	FSQ,JME	OnlineMonitor,JetHT		13.0	6.0	7.0
-1	HLT_L1BptxXOR_v2	null	OnlineMonitor,Commissioning		0.0	0.0	0.0
-1	HLT_Ele27_HighEta_Ele20_Mass55_v6	ECAL DPG	OnlineMonitor,DoubleEG		16.0	8.0	8.0
-1	HLT_HT350_DisplacedDijet80_DisplacedTrack_v4	EXO	OnlineMonitor,DisplacedJet		12.0	8.0	4.0
-1	HLT_Mu10_CentralPFJet30_BTagCSV_p13_v3	null	OnlineMonitor,DoubleMuon		29.0	8.0	21.0
-1	HLT_VBF_DisplacedJet40_DisplacedTrack_2TrackIP2DSig5_v3	EXO	OnlineMonitor,DisplacedJet		62.0	30.0	32.0
-1	HLT_AK8DiPFJet280_200_TrimMass30_v3	B2G PAG	OnlineMonitor,JetHT		11.0	7.0	4.0
-1	HLT_Mu8_TrkIsoVVL_Ele23_CaloIdL_TrackIdL_IsoVL_DZ_v1	HIG	OnlineMonitor,MuonEG		68.0	30.0	38.0
-1	HLT_AK8PFJet450_v3	SMP	OnlineMonitor,JetHT		183.0	91.0	92.0
-1	HLT_DoubleEle8_CaloIdM_TrackIdM_Mass8_PFHT300_v8	null	OnlineMonitor,DoubleEG		46.0	19.0	27.0
-1	HLT_DoubleEle24_22_eta2p1_WPLoose_Gsf_v7	TAU,HIG	OnlineMonitor,DoubleEG		37.0	22.0	15.0
-1	HLT_Mu17_TrkIsoVVL_TkMu8_TrkIsoVVL_DZ_v3	MUO	OnlineMonitor,DoubleMuon		189.0	93.0	96.0
-1	HLT_MonoCentralPFJet80_PFMETNoMu110_PFMHTNoMu110_IDTight_v5	EXO	OnlineMonitor,MET		137.0	72.0	65.0
-1	HLT_PFHT350_v6	SUS	OnlineMonitor,HLTMonitor,JetHT		27.0	13.0	14.0
-1	HLT_DoubleJetsC100_DoubleBTagCSV_p026_DoublePFJetsC160_v3	Higgs,Analysis	OnlineMonitor,BTagCSV		130.0	63.0	67.0
-1	HLT_Ele23_CaloIdL_TrackIdL_IsoVL_v7	HIG	OnlineMonitor,DoubleEG		9.0	5.0	4.0
-1	HLT_AK8PFHT600_TrimR0p1PT0p03Mass50_BTagCSV_p20_v4	B2G	OnlineMonitor,JetHT		0.0	0.0	0.0
-1	HLT_RsqMR270_Rsq0p09_MR200_4jet_v4	SUS	OnlineMonitor,HTMHT		21.0	10.0	11.0
-1	HLT_DoubleEle33_CaloIdL_MW_v7	EXO	OnlineMonitor,DoubleEG		144.0	79.0	65.0
-1	HLT_Mu8_Ele8_CaloIdM_TrackIdM_Mass8_PFHT250_v5	null	OnlineMonitor,MuonEG		0.0	0.0	0.0
-1	HLT_QuadMuon0_Dimuon0_Jpsi_v3	BPH	OnlineMonitor,Charmonium		8.0	4.0	4.0
-1	HLT_Mu17_Mu8_SameSign_DZ_v3	null	OnlineMonitor,DoubleMuon		68.0	28.0	40.0
-1	HLT_Mu20_Mu10_SameSign_v2	Higgs	OnlineMonitor,DoubleMuon		49.0	22.0	27.0
-1	HLT_Photon135_PFMET100_v6	EXO	OnlineMonitor,SinglePhoton		20.0	10.0	10.0
-1	HLT_AK8PFJet40_v3	SMP	OnlineMonitor,JetHT		39.0	19.0	20.0
-1	HLT_VBF_DisplacedJet40_TightID_DisplacedTrack_v3	EXO	OnlineMonitor,DisplacedJet		0.0	0.0	0.0
-1	HLT_QuadPFJet_BTagCSV_p016_p11_VBF_Mqq240_v3	HIG ,Hbb	OnlineMonitor,HLTMonitor,BTagCSV		174.0	72.0	102.0
-1	HLT_PixelTracks_Multiplicity160ForEndOfFill_v3	FSQ,HIN	OnlineMonitor,HighMultiplicityEOF		0.0	0.0	0.0
-1	HLT_HISinglePhoton15_v3	HIN	OnlineMonitor,HINPhoton		0.0	0.0	0.0
-1	HLT_Photon120_v6	SMP	OnlineMonitor,SinglePhoton		4.0	0.0	4.0
-1	HLT_ZeroBias_FirstCollisionInTrain_v1	null	OnlineMonitor,ZeroBiasFirstBunchInTrain		274.0	150.0	124.0
-1	HLT_Ele23_CaloIdM_TrackIdM_PFJet30_v7	SUS	OnlineMonitor,DoubleEG		6.0	1.0	5.0
-1	HLT_DoubleMu38NoFiltersNoVtx_v3	EXO	OnlineMonitor,DoubleMuon		32.0	18.0	14.0
-1	HLT_Photon75_R9Id90_HE10_IsoM_v7	SMP,SUS	OnlineMonitor,SinglePhoton		15.0	7.0	8.0
-1	HLT_Ele17_CaloIdL_GsfTrkIdVL_v5	null	OnlineMonitor,DoubleEG		14.0	3.0	11.0
-1	HLT_Ele15_IsoVVVL_PFHT400_PFMET50_v4	SUS	OnlineMonitor,SingleElectron		18.0	7.0	11.0
-1	HLT_Photon120_R9Id90_HE10_Iso40_EBOnly_VBF_v6	HIG	OnlineMonitor,SinglePhoton		7.0	6.0	1.0
-1	HLT_PFTau120_eta2p1_v3	tau-pog	OnlineMonitor,Tau		4.0	2.0	2.0
-1	HLT_BTagMu_Jet300_Mu5_v3	BTV	OnlineMonitor,BTagMu		47.0	22.0	25.0
-1	HLT_Mu23_TrkIsoVVL_Ele12_CaloIdL_TrackIdL_IsoVL_v7	HIG	OnlineMonitor,MuonEG		36.0	13.0	23.0
-1	HLT_JetE30_NoBPTX_v3	EXO	OnlineMonitor,NoBPTX		29.0	17.0	12.0
-1	HLT_Ele24_eta2p1_WPLoose_Gsf_LooseIsoPFTau30_v2	null	OnlineMonitor,SingleElectron		83.0	49.0	34.0
-1	HLT_CaloMHTNoPU90_PFMET90_PFMHT90_IDTight_v5	HIG ,Hbb	OnlineMonitor,MET		7.0	6.0	1.0
-1	HLT_DoubleMu28NoFiltersNoVtxDisplaced_v3	EXO	OnlineMonitor,DoubleMuon		6.0	4.0	2.0
-1	HLT_L1SingleMu18_v1	MUO	OnlineMonitor,SingleMuon		13.0	6.0	7.0
-1	HLT_Ele27_eta2p1_WPTight_Gsf_v7	Egamma	OnlineMonitor,SingleElectron		1228.0	616.0	612.0
-1	HLT_DiPFJetAve320_v6	JME	OnlineMonitor,JetHT		29.0	18.0	11.0
-1	HLT_Ele27_eta2p1_WPLoose_Gsf_HT200_v7	ttH	OnlineMonitor,SingleElectron		107.0	58.0	49.0
-1	HLT_Mu25_TkMu0_dEta18_Onia_v4	BPH	OnlineMonitor,MuOnia		43.0	22.0	21.0
-1	HLT_PFJet450_v7	SMP	OnlineMonitor,JetHT		138.0	65.0	73.0
-1	HLT_Mu28NoFiltersNoVtx_CentralCaloJet40_v3	EXO	OnlineMonitor,SingleMuon		1.0	1.0	0.0
-1	HLT_AK8PFHT700_TrimR0p1PT0p03Mass50_v6	B2G	OnlineMonitor,JetHT		276.0	125.0	151.0
-1	HLT_JetE70_NoBPTX3BX_v2	EXO	OnlineMonitor,NoBPTX		13.0	5.0	8.0
-1	HLT_Ele27_eta2p1_WPLoose_Gsf_DoubleMediumIsoPFTau35_Trk1_eta2p1_Reg_v7	TAU,HIG,EXO	OnlineMonitor,SingleElectron		28.0	19.0	9.0
-1	HLT_L2Mu10_NoVertex_NoBPTX_v3	EXO	OnlineMonitor,NoBPTX		5.0	0.0	5.0
-1	HLT_DiSC30_18_EIso_AND_HE_Mass70_v5	null	OnlineMonitor,Commissioning		26.0	15.0	11.0
-1	HLT_PFJet320_v7	SMP	OnlineMonitor,JetHT		22.0	14.0	8.0
-1	HLT_PFHT450_SixJet40_v5	HIG	OnlineMonitor,JetHT		20.0	7.0	13.0
-1	HLT_Mu16_TkMu0_dEta18_Onia_v3	BPH	OnlineMonitor,MuOnia		0.0	0.0	0.0
-1	HLT_AK8DiPFJet280_200_TrimMass30_BTagCSV_p20_v3	B2G PAG	OnlineMonitor,JetHT		407.0	189.0	218.0
-1	HLT_DoubleMu4_LowMassNonResonantTrk_Displaced_v5	BPH	OnlineMonitor,DoubleMuonLowMass		533.0	279.0	254.0
-1	HLT_DiPFJetAve200_v5	JME	OnlineMonitor,JetHT		7.0	4.0	3.0
-1	HLT_Ele15_IsoVVVL_PFHT350_v6	SUS	OnlineMonitor,SingleElectron		0.0	0.0	0.0
-1	HLT_PFMETNoMu120_PFMHTNoMu120_IDTight_v5	EXO	OnlineMonitor,MET		96.0	48.0	48.0
-1	HLT_IsoMu16_eta2p1_MET30_v2	HIG,TAU	OnlineMonitor,SingleMuon		429.0	212.0	217.0
-1	HLT_TripleMu_5_3_3_v2	SUS	OnlineMonitor,DoubleMuon		25.0	10.0	15.0
-1	HLT_BTagMu_DiJet40_Mu5_v3	BTV	OnlineMonitor,BTagMu		68.0	29.0	39.0
-1	HLT_PFHT250_v4	SUS	OnlineMonitor,JetHT		12.0	3.0	9.0
-1	HLT_Ele27_WPTight_Gsf_L1JetTauSeeded_v3	EGM	OnlineMonitor,SingleElectron		15.0	8.0	7.0
-1	HLT_Dimuon8_PsiPrime_Barrel_v5	BPH	OnlineMonitor,Charmonium		0.0	0.0	0.0
-1	HLT_Mu7p5_Track7_Jpsi_v3	BPH	OnlineMonitor,Charmonium		6.0	1.0	5.0
-1	HLT_Photon500_v5	PPD	OnlineMonitor,ExpressPhysics,SinglePhoton		2.0	0.0	2.0
-1	HLT_PFMETNoMu90_PFMHTNoMu90_IDTight_v5	EXO	OnlineMonitor,MET		0.0	0.0	0.0
-1	HLT_DiPFJet25_FBEta3_NoCaloMatched_v4	FSQ	OnlineMonitor,FSQJets		0.0	0.0	0.0
-1	HLT_Ele25_eta2p1_WPTight_Gsf_v6	EGM	OnlineMonitor,SingleElectron		1358.0	678.0	680.0
-1	HLT_Mu17_TrkIsoVVL_TkMu8_TrkIsoVVL_v3	MUO	OnlineMonitor,DoubleMuon		313.0	141.0	172.0
-1	HLT_Diphoton30PV_18PV_R9Id_AND_IsoCaloId_AND_HE_R9Id_DoublePixelVeto_Mass55_v6	null	OnlineMonitor,DoubleEG		165.0	93.0	72.0
-1	HLT_PFHT600_v6	SUS	OnlineMonitor,JetHT		53.0	33.0	20.0
-1	HLT_PFHT300_PFMET110_v4	SUS,EXO	OnlineMonitor,HTMHT		77.0	39.0	38.0
-1	HLT_IsoMu24_v2	SMP,Top,Higgs ,MUO	OnlineMonitor,ExpressPhysics,SingleMuon		1501.0	732.0	769.0
-1	HLT_Ele45_CaloIdVT_GsfTrkIdT_PFJet200_PFJet50_v7	B2G	OnlineMonitor,SingleElectron		84.0	31.0	53.0
-1	HLT_Mu33_Ele33_CaloIdL_GsfTrkIdVL_v1	EXO	OnlineMonitor,MuonEG		22.0	10.0	12.0
-1	HLT_Mu16_TkMu0_dEta18_Phi_v3	BPH	OnlineMonitor,MuOnia		0.0	0.0	0.0
-1	HLT_L1NotBptxOR_v2	null	OnlineMonitor,EmptyBX		0.0	0.0	0.0
-1	HLT_BTagMu_DiJet170_Mu5_v2	BTV	OnlineMonitor,BTagMu		65.0	29.0	36.0
-1	HLT_VBF_DisplacedJet40_Hadronic_2PromptTrack_v3	EXO	OnlineMonitor,DisplacedJet		0.0	0.0	0.0
-1	HLT_AK4PFJet50_v5	HIN	OnlineMonitor,HINPFJets		0.0	0.0	0.0
-1	HLT_IsoTkMu22_eta2p1_v3	SMP,MUO	OnlineMonitor,SingleMuon		1459.0	737.0	722.0
-1	HLT_BTagMu_DiJet70_Mu5_v3	BTV	OnlineMonitor,BTagMu		69.0	30.0	39.0
-1	HLT_DiPFJetAve80_v5	JME	OnlineMonitor,JetHT		7.0	3.0	4.0
-1	HLT_L1FatEvents_part3_v1	null	HLTPhysics3		0.0	0.0	0.0
-1	HLT_PFHT400_SixJet30_v5	HIG	OnlineMonitor,JetHT		17.0	9.0	8.0
-1	HLT_Photon50_v6	SMP	OnlineMonitor,SinglePhoton		7.0	4.0	3.0
-1	HLT_Photon50_R9Id90_HE10_Iso40_EBOnly_VBF_v6	HIG	OnlineMonitor,SinglePhoton		25.0	14.0	11.0
-1	HLT_IsoTrackHE_v2	null	OnlineMonitor,Commissioning		25.0	14.0	11.0
-1	HLT_Ele23_Ele12_CaloIdL_TrackIdL_IsoVL_v8	HIG	OnlineMonitor,DoubleEG		32.0	15.0	17.0
-1	HLT_Ele17_Ele12_CaloIdL_TrackIdL_IsoVL_DZ_v8	HIG	OnlineMonitor,ExpressPhysics,DoubleEG		0.0	0.0	0.0
-1	HLT_Photon175_v7	Egamma	OnlineMonitor,SinglePhoton		125.0	60.0	65.0
-1	HLT_Ele8_CaloIdL_TrackIdL_IsoVL_PFJet30_v5	SUS	OnlineMonitor,DoubleEG		16.0	8.0	8.0
-1	HLT_Ele30WP60_Ele8_Mass55_v7	EGM	OnlineMonitor,DoubleEG		0.0	0.0	0.0
-1	HLT_Mu30_Ele30_CaloIdL_GsfTrkIdVL_v6	EXO	OnlineMonitor,EventDisplay,MuonEG		31.0	13.0	18.0
-1	HLT_PFMET90_PFMHT90_IDTight_v5	HIG ,Hbb	OnlineMonitor,MET		0.0	0.0	0.0
-1	HLT_VBF_DisplacedJet40_TightID_Hadronic_v3	EXO	OnlineMonitor,DisplacedJet		0.0	0.0	0.0
-1	HLT_PFJet15_NoCaloMatched_v5	FSQ	OnlineMonitor,FSQJets		0.0	0.0	0.0
-1	HLT_AK8PFJet260_v3	SMP	OnlineMonitor,JetHT		34.0	15.0	19.0
-1	HLT_Mu7p5_Track2_Upsilon_v3	BPH	OnlineMonitor,MuOnia		4.0	1.0	3.0
-1	HLT_Dimuon13_PsiPrime_v4	BPH	OnlineMonitor,Charmonium		68.0	36.0	32.0
-1	HLT_DoubleEle33_CaloIdL_GsfTrkIdVL_v8	EXO	OnlineMonitor,DoubleEG		0.0	0.0	0.0
-1	HLT_AK8PFJet320_v3	SMP	OnlineMonitor,JetHT		25.0	13.0	12.0
-1	HLT_Mu14er_PFMET100_v3	JME,SUS	OnlineMonitor,MET		29.0	15.0	14.0
-1	HLT_Mu10_TrkIsoVVL_DiPFJet40_DEta3p5_MJJ750_HTT350_PFMETNoMu60_v3	null	OnlineMonitor,SingleMuon		1.0	1.0	0.0
-1	HLT_TrkMu15_DoubleTrkMu5NoFiltersNoVtx_v4	EXO PAG	OnlineMonitor,DoubleMuon		14.0	8.0	6.0
-1	HLT_Mu16_eta2p1_MET30_v2	HIG,TAU	OnlineMonitor,SingleMuon		0.0	0.0	0.0
-1	HLT_HISinglePhoton60_v3	Egamma	OnlineMonitor,EventDisplay,HINPhoton		0.0	0.0	0.0
-1	HLT_VBF_DisplacedJet40_VTightID_Hadronic_v3	EXO	OnlineMonitor,DisplacedJet		38.0	19.0	19.0
-1	HLT_Ele30WP60_SC4_Mass55_v8	HIG	OnlineMonitor,DoubleEG		0.0	0.0	0.0
-1	HLT_ZeroBias_FirstBXAfterTrain_v1	null	OnlineMonitor,ZeroBiasFirstBunchAfterTrain		259.0	120.0	139.0
-1	HLT_Ele27_WPTight_Gsf_v6	EGM	OnlineMonitor,HLTMonitor,SingleElectron		1495.0	753.0	742.0
-1	HLT_Ele17_Ele12_CaloIdL_TrackIdL_IsoVL_v8	HIG	OnlineMonitor,DoubleEG		11.0	6.0	5.0
-1	HLT_Mu6_PFHT200_PFMET100_v3	JME	OnlineMonitor,MET		30.0	18.0	12.0
-1	HLT_Mu15_IsoVVVL_PFHT350_PFMET50_v5	SUS	OnlineMonitor,SingleMuon		0.0	0.0	0.0
-1	HLT_DiPFJetAve15_HFJEC_v4	FSQ	OnlineMonitor,FSQJets		0.0	0.0	0.0
-1	HLT_Photon120_R9Id90_HE10_Iso40_EBOnly_PFMET40_v7	HIG	OnlineMonitor,SinglePhoton		11.0	8.0	3.0
-1	HLT_PFHT550_4JetPt50_v4	EXO	OnlineMonitor,JetHT		17.0	6.0	11.0
-1	HLT_PFHT400_v5	SUS	OnlineMonitor,JetHT		39.0	21.0	18.0
-1	HLT_JetE50_NoBPTX3BX_v2	EXO	OnlineMonitor,NoBPTX		24.0	10.0	14.0
-1	HLT_DoubleMu3_Trk_Tau3mu_v3	BPH	OnlineMonitor,DoubleMuonLowMass		290.0	147.0	143.0
-1	HLT_DiPFJetAve260_v6	JME	OnlineMonitor,JetHT		14.0	8.0	6.0
-1	HLT_Ele15_IsoVVVL_PFHT600_v7	SUS	OnlineMonitor,SingleElectron		10.0	5.0	5.0
-1	HLT_PFJet60_v7	SMP	OnlineMonitor,JetHT		17.0	7.0	10.0
-1	HLT_L1_TripleJet_VBF_v5	HIG ,Hbb	OnlineMonitor,JetHT		18.0	7.0	11.0
-1	HLT_PFJet500_v7	SMP	OnlineMonitor,EventDisplay,JetHT		80.0	36.0	44.0
-1	HLT_Photon165_R9Id90_HE10_IsoM_v8	SMP	OnlineMonitor,SinglePhoton		20.0	9.0	11.0
-1	HLT_Ele50_CaloIdVT_GsfTrkIdT_PFJet165_v5	B2G	OnlineMonitor,SingleElectron		177.0	83.0	94.0
-1	HLT_Photon75_R9Id90_HE10_Iso40_EBOnly_VBF_v6	HIG	OnlineMonitor,SinglePhoton		10.0	5.0	5.0
-1	HLT_IsoTkMu27_v6	SMP	OnlineMonitor,SingleMuon		1182.0	585.0	597.0
-1	HLT_MET600_v3	PPD,AlCa	OnlineMonitor,ExpressPhysics,MET		1.0	0.0	1.0
-1	HLT_Photon90_R9Id90_HE10_Iso40_EBOnly_PFMET40_v7	HIG	OnlineMonitor,SinglePhoton		8.0	4.0	4.0
-1	HLT_VBF_DisplacedJet40_VVTightID_DisplacedTrack_v3	EXO	OnlineMonitor,DisplacedJet		5.0	4.0	1.0
-1	HLT_Ele23_Ele12_CaloIdL_TrackIdL_IsoVL_DZ_L1JetTauSeeded_v2	HIG	OnlineMonitor,DoubleEG		2.0	2.0	0.0
-1	HLT_Ele105_CaloIdVT_GsfTrkIdT_v7	EXO	OnlineMonitor,SingleElectron		0.0	0.0	0.0
-1	HLT_Photon90_R9Id90_HE10_IsoM_v7	SMP,SUS	OnlineMonitor,SinglePhoton		19.0	12.0	7.0
-1	HLT_HT550to650_v3	EXO	OnlineMonitor,ParkingHT550to650,ParkingScoutingMonitor		1447.0	733.0	714.0
-1	HLT_Ele50_CaloIdVT_GsfTrkIdT_PFJet140_v5	B2G	OnlineMonitor,SingleElectron		0.0	0.0	0.0
-1	HLT_DiCentralPFJet170_CFMax0p1_v3	EXO.	OnlineMonitor,JetHT		17.0	10.0	7.0
-1	HLT_PFMET400_v4	PPD	OnlineMonitor,MET		4.0	3.0	1.0
-1	HLT_DoubleJet90_Double30_TripleBTagCSV_p087_v3	HIG ,Hbb	OnlineMonitor,BTagCSV		346.0	151.0	195.0
-1	HLT_HT430to450_v3	EXO	OnlineMonitor,ParkingHT430to450,ParkingScoutingMonitor		1364.0	682.0	682.0
-1	HLT_QuadJet45_TripleBTagCSV_p087_v4	HIG ,Hbb	OnlineMonitor,BTagCSV		316.0	148.0	168.0
-1	HLT_LooseIsoPFTau50_Trk30_eta2p1_MET110_v3	null	OnlineMonitor,Tau		47.0	22.0	25.0
-1	HLT_DoubleMu4_3_Jpsi_Displaced_v5	BPH	OnlineMonitor,Charmonium		77.0	45.0	32.0
-1	HLT_IsoTkMu20_v6	SMP,MUO	OnlineMonitor,SingleMuon		0.0	0.0	0.0
-1	HLT_AK4PFJet80_v5	HIN	OnlineMonitor,HINPFJets		0.0	0.0	0.0
-1	HLT_DoublePhoton60_v6	null	OnlineMonitor,DoubleEG		73.0	38.0	35.0
-1	HLT_DoubleMediumIsoPFTau40_Trk1_eta2p1_Reg_v7	TAU,HIG,EXO	OnlineMonitor,Tau		608.0	300.0	308.0
-1	HLT_Mu7p5_L2Mu2_Jpsi_v3	BPH	OnlineMonitor,Charmonium		14.0	8.0	6.0
-1	HLT_Mu3_PFJet40_v4	null	OnlineMonitor,DoubleMuon		12.0	5.0	7.0
-1	HLT_Ele8_CaloIdM_TrackIdM_PFJet30_v7	SUS	OnlineMonitor,DoubleEG		22.0	11.0	11.0
-1	HLT_DoubleJetsC100_SingleBTagCSV_p014_v2	Higgs,Analysis	OnlineMonitor,BTagCSV		15.0	5.0	10.0
-1	HLT_Mu15_IsoVVVL_PFHT600_v6	SUS	OnlineMonitor,SingleMuon		21.0	9.0	12.0
-1	HLT_FullTracks_Multiplicity80_v2	FSQ,HIN	OnlineMonitor,HighMultiplicityEOF		0.0	0.0	0.0
-1	HLT_Ele15_IsoVVVL_BTagCSV_p067_PFHT400_v5	SUS	OnlineMonitor,SingleElectron		7.0	1.0	6.0
-1	HLT_Mu12_Photon25_CaloIdL_L1ISO_v6	HIG	OnlineMonitor,MuonEG		0.0	0.0	0.0
-1	HLT_L1FatEvents_part2_v1	null	HLTPhysics2		0.0	0.0	0.0
-1	HLT_Ele35_CaloIdVT_GsfTrkIdT_PFJet150_PFJet50_v5	B2G	OnlineMonitor,SingleElectron		0.0	0.0	0.0
-1	HLT_BTagMu_AK8Jet300_Mu5_v2	BTV	OnlineMonitor,BTagMu		66.0	30.0	36.0
-1	HLT_Ele27_eta2p1_WPLoose_Gsf_DoubleMediumIsoPFTau32_Trk1_eta2p1_Reg_v6	TAU,HIG,EXO	OnlineMonitor,SingleElectron		0.0	0.0	0.0
-1	HLT_DoubleJetsC100_SingleBTagCSV_p014_SinglePFJetC350_v3	Higgs,Analysis	OnlineMonitor,BTagCSV		15.0	7.0	8.0
-1	HLT_Ele23_CaloIdL_TrackIdL_IsoVL_PFJet30_v7	SUS	OnlineMonitor,DoubleEG		15.0	4.0	11.0
-1	HLT_HISinglePhoton10_v3	HIN	OnlineMonitor,HINPhoton		0.0	0.0	0.0
-1	HLT_HT350_DisplacedDijet40_DisplacedTrack_v4	EXO	OnlineMonitor,DisplacedJet		46.0	22.0	24.0
-1	HLT_HT650_v4	EXO	OnlineMonitor,ParkingHT650,ParkingScoutingMonitor		1177.0	589.0	588.0
-1	HLT_AK8PFJet360_TrimMass30_v5	B2G	OnlineMonitor,JetHT		132.0	65.0	67.0
-1	HLT_BTagMu_DiJet20_Mu5_v3	BTV	OnlineMonitor,BTagMu		56.0	29.0	27.0
-1	HLT_HT750_DisplacedDijet80_Inclusive_v4	EXO	OnlineMonitor,DisplacedJet		4.0	2.0	2.0
-1	HLT_MonoCentralPFJet80_PFMETNoMu90_PFMHTNoMu90_IDTight_v5	EXO	OnlineMonitor,MET		0.0	0.0	0.0
-1	HLT_MET200_v3	Exotica 	OnlineMonitor,MET		59.0	27.0	32.0
-1	HLT_DiPFJetAve300_HFJEC_v7	FSQ,JME	OnlineMonitor,JetHT		10.0	5.0	5.0
-1	HLT_DiCentralPFJet430_v3	EXO.	OnlineMonitor,JetHT		66.0	32.0	34.0
-1	HLT_Mu7p5_Track2_Jpsi_v3	BPH	OnlineMonitor,Charmonium		12.0	2.0	10.0
-1	HLT_Dimuon0er16_Jpsi_NoVertexing_v3	BPH	OnlineMonitor,Charmonium		0.0	0.0	0.0
-1	HLT_IsoMu21_eta2p1_MediumIsoPFTau32_Trk1_eta2p1_Reg_v3	null	OnlineMonitor,SingleMuon		14.0	4.0	10.0
-1	HLT_ZeroBias_IsolatedBunches_v3	null	OnlineMonitor,ExpressPhysics,ZeroBias		0.0	0.0	0.0
-1	HLT_PFHT300_PFMET100_v4	SUS,EXO	OnlineMonitor,HTMHT		0.0	0.0	0.0
-1	HLT_ZeroBias_FirstCollisionAfterAbortGap_copy_v1	null	OnlineMonitor,ExpressPhysics,ZeroBias		0.0	0.0	0.0
-1	HLT_Mu8_v4	SUS	OnlineMonitor,DoubleMuon		11.0	6.0	5.0
-1	HLT_PFMET170_HBHECleaned_v6	JME	OnlineMonitor,EventDisplay,MET		106.0	58.0	48.0
-1	HLT_IsoTrackHB_v2	null	OnlineMonitor,Commissioning		40.0	23.0	17.0
-1	HLT_PFMET100_PFMHT100_IDTight_v5	HIG ,Hbb	OnlineMonitor,MET		0.0	0.0	0.0
-1	HLT_Ele27_WPLoose_Gsf_WHbbBoost_v7	null	OnlineMonitor,SingleElectron		48.0	21.0	27.0
-1	HLT_HT575_v3	EXO	OnlineMonitor,DisplacedJet		13.0	10.0	3.0
-1	HLT_Mu40_TkMu11_v3	EXO	OnlineMonitor,EventDisplay,DoubleMuon		102.0	51.0	51.0
-1	HLT_DiPFJet40_DEta3p5_MJJ600_PFMETNoMu140_v3	HIG	OnlineMonitor,HTMHT		6.0	4.0	2.0
-1	HLT_Mu15_IsoVVVL_BTagCSV_p067_PFHT400_v4	SUS	OnlineMonitor,SingleMuon		8.0	4.0	4.0
-1	HLT_Mu20_v3	SMP	OnlineMonitor,SingleMuon		14.0	8.0	6.0
-1	HLT_Photon75_v6	SMP	OnlineMonitor,SinglePhoton		13.0	1.0	12.0
-1	HLT_PFMETNoMu100_PFMHTNoMu100_IDTight_v5	EXO,SUS	OnlineMonitor,MET		0.0	0.0	0.0
-1	HLT_Mu33NoFiltersNoVtxDisplaced_Photon33_CaloIdL_v5	EXO	OnlineMonitor,MuonEG		16.0	9.0	7.0
-1	HLT_Diphoton30_18_R9Id_OR_IsoCaloId_AND_HE_R9Id_Mass90_v6	null	OnlineMonitor,DoubleEG		271.0	134.0	137.0
-1	HLT_HT200_DisplacedDijet40_DisplacedTrack_v3	EXO	OnlineMonitor,DisplacedJet		0.0	0.0	0.0
-1	HLT_VLooseIsoPFTau140_Trk50_eta2p1_v3	null	OnlineMonitor,Tau		274.0	145.0	129.0
-1	HLT_Mu7p5_L2Mu2_Upsilon_v3	BPH	OnlineMonitor,MuOnia		5.0	5.0	0.0
-1	HLT_Mu7p5_Track7_Upsilon_v3	BPH	OnlineMonitor,MuOnia		0.0	0.0	0.0
-1	HLT_IsoMu21_eta2p1_LooseIsoPFTau50_Trk30_eta2p1_SingleL1_v2	HIG,TAU. EXO	OnlineMonitor,SingleMuon		61.0	25.0	36.0
-1	HLT_IsoTkMu22_v4	SMP,MUO	OnlineMonitor,SingleMuon		1607.0	809.0	798.0
-1	HLT_L1SingleMuOpen_v3	null	OnlineMonitor,SingleMuon		0.0	0.0	0.0
-1	HLT_TkMu24_eta2p1_v5	SMP	OnlineMonitor,SingleMuon		15.0	6.0	9.0
-1	HLT_PFHT250_DiPFJetAve90_PFAlphaT0p58_v5	SUS	OnlineMonitor,HTMHT		85.0	35.0	50.0
-1	HLT_DiMu9_Ele9_CaloIdL_TrackIdL_v6	HIG	OnlineMonitor,MuonEG		29.0	16.0	13.0
-1	HLT_Ele24_eta2p1_WPLoose_Gsf_v6	TAU,HIG	OnlineMonitor,SingleElectron		18.0	9.0	9.0
-1	HLT_DiPFJetAve160_HFJEC_v6	FSQ,JME	OnlineMonitor,JetHT		3.0	2.0	1.0
-1	HLT_Ele32_eta2p1_WPTight_Gsf_v7	Egamma	OnlineMonitor,SingleElectron		908.0	454.0	454.0
-1	HLT_Mu17_TrkIsoVVL_Mu8_TrkIsoVVL_v4	MUO	OnlineMonitor,DoubleMuon		243.0	103.0	140.0
-1	HLT_Ele23_WPLoose_Gsf_v8	SMP,Top,Higgs 	OnlineMonitor,SingleElectron		0.0	0.0	0.0
-1	HLT_Random_v2	null	OnlineMonitor,ExpressPhysics,ZeroBias		0.0	0.0	0.0
-1	HLT_PFJet140_v6	SMP	OnlineMonitor,JetHT		17.0	4.0	13.0
-1	HLT_HT200_v3	EXO	OnlineMonitor,DisplacedJet		13.0	6.0	7.0
-1	HLT_PFMETTypeOne190_HBHE_BeamHaloCleaned_v2	JME	OnlineMonitor,MET		71.0	40.0	31.0
-1	HLT_Dimuon8_Upsilon_Barrel_v5	BPH	OnlineMonitor,MuOnia		192.0	97.0	95.0
-1	HLT_HT550_DisplacedDijet80_Inclusive_v1	EXO	OnlineMonitor,DisplacedJet		1.0	0.0	1.0
-1	HLT_LooseIsoPFTau50_Trk30_eta2p1_MET80_v3	TAU,HIG	OnlineMonitor,Tau		0.0	0.0	0.0
-1	HLT_FullTracks_Multiplicity130_v2	FSQ,HIN	OnlineMonitor,HighMultiplicityEOF		0.0	0.0	0.0
-1	HLT_Mu27_TkMu8_v3	EXO	OnlineMonitor,DoubleMuon		1.0	1.0	0.0
-1	HLT_DoubleMu4_3_Bs_v5	null	OnlineMonitor,Charmonium		143.0	70.0	73.0
-1	HLT_DiPFJetAve220_HFJEC_v7	FSQ,JME	OnlineMonitor,JetHT		52.0	22.0	30.0
-1	HLT_DiPFJetAve60_HFJEC_v6	FSQ,JME	OnlineMonitor,JetHT		47.0	22.0	25.0
-1	HLT_PFMET120_Mu5_v4	JME	OnlineMonitor,HLTMonitor,MET		24.0	13.0	11.0
-1	HLT_MonoCentralPFJet80_PFMETNoMu100_PFMHTNoMu100_IDTight_v5	EXO	OnlineMonitor,MET		0.0	0.0	0.0
-1	HLT_QuadMuon0_Dimuon0_Upsilon_v3	BPH	OnlineMonitor,MuOnia		4.0	1.0	3.0
-1	HLT_PFMET100_PFMHT100_IDTight_BeamHaloCleaned_v2	JME	OnlineMonitor,MET		0.0	0.0	0.0
-1	HLT_L2Mu10_v2	MUO	OnlineMonitor,SingleMuon		14.0	7.0	7.0
-1	HLT_Mu50_v4	EXO,SMP,MUO	OnlineMonitor,SingleMuon		339.0	149.0	190.0
-1	HLT_MET90_IsoTrk50_v4	EXO	OnlineMonitor,MET		13.0	4.0	9.0
-1	HLT_VBF_DisplacedJet40_DisplacedTrack_v3	EXO	OnlineMonitor,DisplacedJet		55.0	25.0	30.0
-1	HLT_Mu37_Ele27_CaloIdL_GsfTrkIdVL_v4	EXO	OnlineMonitor,MuonEG		19.0	10.0	9.0
-1	HLT_Mu24_eta2p1_v4	SMP,EXO	OnlineMonitor,SingleMuon		16.0	5.0	11.0
-1	HLT_HISinglePhoton20_v3	HIN	OnlineMonitor,HINPhoton		0.0	0.0	0.0
-1	HLT_PFMET110_PFMHT110_IDTight_v5	HIG ,Hbb	OnlineMonitor,MET		122.0	69.0	53.0
-1	HLT_Mu17_TrkIsoVVL_Ele12_CaloIdL_TrackIdL_IsoVL_v7	HIG	OnlineMonitor,MuonEG		0.0	0.0	0.0
-1	HLT_ECALHT800_v4	 	OnlineMonitor,DoubleEG		8.0	3.0	5.0
-1	HLT_BTagMu_DiJet110_Mu5_v3	BTV	OnlineMonitor,BTagMu		75.0	40.0	35.0
-1	HLT_PFHT900_v4	SUS	OnlineMonitor,JetHT		218.0	109.0	109.0
-1	HLT_DoubleMu33NoFiltersNoVtx_v3	EXO	OnlineMonitor,DoubleMuon		52.0	30.0	22.0
-1	HLT_Ele45_WPLoose_Gsf_L1JetTauSeeded_v3	EGM	OnlineMonitor,SingleElectron		23.0	14.0	9.0
-1	HLT_Ele17_CaloIdL_TrackIdL_IsoVL_PFJet30_v5	SUS	OnlineMonitor,DoubleEG		14.0	3.0	11.0
-1	HLT_ZeroBias_FirstCollisionAfterAbortGap_v3	null	OnlineMonitor,ExpressPhysics,ZeroBias		136.0	76.0	60.0
-1	HLT_Ele22_eta2p1_WPLoose_Gsf_v8	TAU,HIG	OnlineMonitor,SingleElectron		0.0	0.0	0.0
-1	HLT_L1BeamGasPlus_v2	null	OnlineMonitor,Commissioning		0.0	0.0	0.0
-1	HLT_Ele23_WPLoose_Gsf_WHbbBoost_v7	null	OnlineMonitor,SingleElectron		0.0	0.0	0.0
-1	HLT_Mu45_eta2p1_v4	EXO,SMP,MUO	OnlineMonitor,SingleMuon		0.0	0.0	0.0
-1	HLT_DoubleJetsC100_SingleBTagCSV_p026_SinglePFJetC350_v3	Higgs,Analysis	OnlineMonitor,BTagCSV		12.0	5.0	7.0
-1	HLT_MonoCentralPFJet80_PFMETNoMu120_PFMHTNoMu120_IDTight_v5	EXO	OnlineMonitor,MET		88.0	46.0	42.0
-1	HLT_Ele12_CaloIdL_TrackIdL_IsoVL_PFJet30_v7	SUS	OnlineMonitor,DoubleEG		20.0	9.0	11.0
-1	HLT_VBF_DisplacedJet40_Hadronic_v3	EXO	OnlineMonitor,DisplacedJet		0.0	0.0	0.0
-1	HLT_Mu30_eta2p1_PFJet150_PFJet50_v3	B2G	OnlineMonitor,SingleMuon		0.0	0.0	0.0
-1	HLT_DoubleMu8_Mass8_PFHT250_v4	null	OnlineMonitor,DoubleMuon		0.0	0.0	0.0
-1	HLT_PFHT650_v6	EXO	OnlineMonitor,JetHT		15.0	9.0	6.0
-1	HLT_Ele27_WPLoose_Gsf_v6	Egamma ,Top ,SMP ,Higgs 	OnlineMonitor,SingleElectron		0.0	0.0	0.0
-1	HLT_Mu17_Mu8_DZ_v4	MUO	OnlineMonitor,DoubleMuon		12.0	7.0	5.0
-1	HLT_HT250_DisplacedDijet40_DisplacedTrack_v4	EXO	OnlineMonitor,DisplacedJet		7.0	4.0	3.0
-1	HLT_Photon36_R9Id90_HE10_Iso40_EBOnly_VBF_v7	HIG	OnlineMonitor,SinglePhoton		8.0	4.0	4.0
-1	HLT_Mu8_TrkIsoVVL_Ele23_CaloIdL_TrackIdL_IsoVL_v7	HIG	OnlineMonitor,MuonEG		203.0	100.0	103.0
-1	HLT_IsoTkMu24_v3	SMP,MUO	OnlineMonitor,SingleMuon		1388.0	689.0	699.0
-1	HLT_PFMET120_PFMHT120_IDTight_v5	null	OnlineMonitor,HLTMonitor,MET		76.0	39.0	37.0
-1	HLT_Photon90_v6	SMP	OnlineMonitor,SinglePhoton		11.0	3.0	8.0
-1	HLT_Photon36_R9Id90_HE10_Iso40_EBOnly_PFMET40_v7	HIG	OnlineMonitor,SinglePhoton		20.0	9.0	11.0
-1	HLT_Rsq0p02_MR400_TriPFJet80_60_40_DoubleBTagCSV_p063_Mbb60_200_v1	SUS	OnlineMonitor,BTagCSV		338.0	154.0	184.0
-1	HLT_QuadJet45_DoubleBTagCSV_p087_v4	HIG ,Hbb	OnlineMonitor,BTagCSV		28.0	11.0	17.0
-1	HLT_HcalPhiSym_v3	null	OnlineMonitor,HcalNZS		0.0	0.0	0.0
-1	HLT_Ele12_CaloIdL_TrackIdL_IsoVL_v7	HIG	OnlineMonitor,DoubleEG		15.0	5.0	10.0
-1	HLT_MET75_IsoTrk50_v4	EXO	OnlineMonitor,MET		18.0	8.0	10.0
-1	HLT_L1BptxMinus_v2	null	OnlineMonitor,EmptyBX		0.0	0.0	0.0
-1	HLT_LooseIsoPFTau50_Trk30_eta2p1_MET90_v3	null	OnlineMonitor,Tau		134.0	63.0	71.0
-1	HLT_Ele12_CaloIdM_TrackIdM_PFJet30_v7	SUS	OnlineMonitor,DoubleEG		15.0	4.0	11.0
-1	HLT_MET250_v3	PPD	OnlineMonitor,MET		19.0	10.0	9.0
-1	HLT_Mu12_TrkIsoVVL_Ele23_CaloIdL_TrackIdL_IsoVL_DZ_v1	HIG	OnlineMonitor,MuonEG		34.0	12.0	22.0
-1	HLT_Ele17_CaloIdL_TrackIdL_IsoVL_v6	HIG	OnlineMonitor,DoubleEG		10.0	2.0	8.0
-1	HLT_VLooseIsoPFTau120_Trk50_eta2p1_v3	null	OnlineMonitor,Tau		415.0	213.0	202.0
-1	HLT_Mu38NoFiltersNoVtx_Photon38_CaloIdL_v5	EXO	OnlineMonitor,MuonEG		15.0	9.0	6.0
-1	HLT_PFHT650_WideJetMJJ950DEtaJJ1p5_v6	EXO	OnlineMonitor,JetHT		91.0	45.0	46.0
-1	HLT_Mu17_Photon30_CaloIdL_L1ISO_v7	HIG	OnlineMonitor,MuonEG		94.0	44.0	50.0
-1	HLT_DiCentralPFJet330_CFMax0p5_v3	EXO.	OnlineMonitor,JetHT		89.0	45.0	44.0
-1	HLT_Ele250_CaloIdVT_GsfTrkIdT_v5	AlCa	OnlineMonitor,ExpressPhysics,SingleElectron		9.0	3.0	6.0
-1	HLT_DiPFJetAve25_HFJEC_v4	FSQ,JME	OnlineMonitor,FSQJets		0.0	0.0	0.0
-1	HLT_Mu20_Mu10_DZ_v3	Higgs	OnlineMonitor,DoubleMuon		13.0	9.0	4.0
-1	HLT_DiPFJetAve500_v6	JME	OnlineMonitor,JetHT		26.0	11.0	15.0
-1	HLT_Mu20_Mu10_SameSign_DZ_v3	Higgs	OnlineMonitor,DoubleMuon		34.0	16.0	18.0
-1	HLT_PFMET170_NotCleaned_v5	JME	OnlineMonitor,MET		13.0	9.0	4.0
-1	HLT_Mu12_TrkIsoVVL_Ele23_CaloIdL_TrackIdL_IsoVL_v1	HIG	OnlineMonitor,MuonEG		90.0	39.0	51.0
-1	HLT_Photon42_R9Id85_OR_CaloId24b40e_Iso50T80L_Photon25_AND_HE10_R9Id65_Eta2_Mass15_v7	EXO long	OnlineMonitor,DoubleEG		140.0	79.0	61.0
-1	HLT_FullTracks_Multiplicity150_v2	FSQ,HIN	OnlineMonitor,HighMultiplicityEOF		0.0	0.0	0.0
-1	HLT_L2Mu40_NoVertex_3Sta_NoBPTX3BX_v2	EXO	OnlineMonitor,NoBPTX		105.0	55.0	50.0
-1	HLT_PFHT450_SixJet40_BTagCSV_p056_v3	HIG	OnlineMonitor,JetHT		169.0	79.0	90.0
-1	HLT_Mu12_Photon25_CaloIdL_L1OR_v6	HIG	OnlineMonitor,MuonEG		8.0	5.0	3.0
-1	HLT_PFHT475_v5	SUS	OnlineMonitor,JetHT		38.0	16.0	22.0
-1	HLT_Dimuon0_Phi_Barrel_v5	BPH	OnlineMonitor,MuOnia		0.0	0.0	0.0
-1	HLT_TkMu50_v3	EXO,SMP,MUO	OnlineMonitor,SingleMuon		300.0	135.0	165.0
-1	HLT_L2Mu35_NoVertex_3Sta_NoBPTX3BX_v2	EXO	OnlineMonitor,NoBPTX		122.0	62.0	60.0
-1	HLT_Photon165_HE10_v7	Egamma	OnlineMonitor,SinglePhoton		131.0	61.0	70.0
-1	HLT_PFHT400_DiPFJetAve90_PFAlphaT0p52_v5	SUS	OnlineMonitor,HTMHT		43.0	21.0	22.0
-1	HLT_Dimuon20_Jpsi_v4	BPH	OnlineMonitor,Charmonium		155.0	79.0	76.0
-1	HLT_ZeroBias_FirstCollisionAfterAbortGap_TCDS_v1	null	OnlineMonitor,ExpressPhysics,ZeroBias		0.0	0.0	0.0
-1	HLT_Dimuon13_Upsilon_v4	BPH	OnlineMonitor,MuOnia		137.0	70.0	67.0
-1	HLT_Dimuon0_Jpsi_Muon_v4	BPH	OnlineMonitor,Charmonium		195.0	99.0	96.0
-1	HLT_AK4CaloJet40_v3	HIN	OnlineMonitor,HINCaloJets		0.0	0.0	0.0
-1	HLT_Diphoton30_18_R9Id_OR_IsoCaloId_AND_HE_R9Id_DoublePixelSeedMatch_Mass70_v6	null	OnlineMonitor,DoubleEG		55.0	36.0	19.0
-1	HLT_L1SingleMuOpen_DT_v3	null	OnlineMonitor,Commissioning		0.0	0.0	0.0
-1	HLT_DoubleJet90_Double30_DoubleBTagCSV_p087_v3	HIG ,Hbb	OnlineMonitor,BTagCSV		12.0	6.0	6.0
-1	HLT_PFJet40_v7	SMP	OnlineMonitor,JetHT		37.0	21.0	16.0
-1	HLT_DoubleEle33_CaloIdL_v6	EXO	OnlineMonitor,DoubleEG		1.0	1.0	0.0
-1	HLT_L2DoubleMu23_NoVertex_v4	EXO	OnlineMonitor,DoubleMuon		4.0	4.0	0.0
-1	HLT_DiPFJetAve40_v6	JME	OnlineMonitor,HLTMonitor,JetHT		5.0	2.0	3.0
-1	HLT_AK8DiPFJet250_200_TrimMass30_BTagCSV_p20_v3	B2G PAG	OnlineMonitor,JetHT		0.0	0.0	0.0
-1	HLT_PFHT200_DiPFJetAve90_PFAlphaT0p57_v5	SUS	OnlineMonitor,HTMHT		0.0	0.0	0.0
-1	HLT_QuadPFJet_BTagCSV_p016_VBF_Mqq500_v3	HIG ,Hbb	OnlineMonitor,HLTMonitor,BTagCSV		110.0	50.0	60.0
-1	HLT_DoubleIsoMu17_eta2p1_v4	TAU,HIG	OnlineMonitor,SingleMuon		71.0	34.0	37.0
-1	HLT_DoubleJetsC100_SingleBTagCSV_p026_v2	Higgs,Analysis	OnlineMonitor,BTagCSV		7.0	3.0	4.0
-1	HLT_AK4CaloJet80_v3	HIN	OnlineMonitor,HINCaloJets		0.0	0.0	0.0
-1	HLT_DoubleEle37_Ele27_CaloIdL_GsfTrkIdVL_v6	EXO	OnlineMonitor,DoubleEG		279.0	150.0	129.0
-1	HLT_IsoMu19_eta2p1_LooseIsoPFTau20_SingleL1_v3	TAU,HIG	OnlineMonitor,SingleMuon		129.0	61.0	68.0
-1	HLT_DoubleJetsC112_DoubleBTagCSV_p014_DoublePFJetsC112MaxDeta1p6_v3	Higgs,Analysis	OnlineMonitor,BTagCSV		135.0	70.0	65.0
-1	HLT_HT650_DisplacedDijet80_Inclusive_v4	EXO	OnlineMonitor,DisplacedJet		9.0	5.0	4.0
-1	HLT_HT550_DisplacedDijet40_Inclusive_v4	EXO	OnlineMonitor,DisplacedJet		0.0	0.0	0.0
-1	HLT_Photon36_v6	SMP	OnlineMonitor,SinglePhoton		10.0	6.0	4.0
-1	HLT_PFJet25_NoCaloMatched_v3	FSQ	OnlineMonitor,FSQJets		0.0	0.0	0.0
-1	HLT_HISinglePhoton40_v3	HIN	OnlineMonitor,HINPhoton		0.0	0.0	0.0
-1	HLT_DoubleIsoMu17_eta2p1_noDzCut_v2	null	OnlineMonitor,SingleMuon		73.0	35.0	38.0
-1	HLT_DiCentralPFJet170_v3	EXO.	OnlineMonitor,JetHT		9.0	6.0	3.0
-1	HLT_AK8PFHT650_TrimR0p1PT0p03Mass50_v5	B2G	OnlineMonitor,JetHT		0.0	0.0	0.0
-1	HLT_Mu8_DiEle12_CaloIdL_TrackIdL_v6	HIG	OnlineMonitor,MuonEG		27.0	14.0	13.0
-1	HLT_GlobalRunHPDNoise_v4	null	OnlineMonitor,HcalHPDNoise		2.0	0.0	2.0
-1	HLT_PFJet200_v6	SMP	OnlineMonitor,JetHT		10.0	4.0	6.0
-1	HLT_QuadPFJet_VBF_v6	HIG ,Hbb	OnlineMonitor,HLTMonitor,JetHT		11.0	3.0	8.0
-1	HLT_PFHT125_v3	SUS	OnlineMonitor,JetHT		34.0	13.0	21.0
-1	HLT_MET300_v3	PPD	OnlineMonitor,MET		11.0	7.0	4.0
-1	HLT_Photon36_R9Id85_OR_CaloId24b40e_Iso50T80L_Photon22_AND_HE10_R9Id65_Eta2_Mass15_v7	EXO long	OnlineMonitor,DoubleEG		17.0	9.0	8.0
-1	HLT_Mu8_TrkIsoVVL_v4	SUS,MUO	OnlineMonitor,DoubleMuon		11.0	4.0	7.0
-1	HLT_PFMET170_HBHE_BeamHaloCleaned_v2	JME	OnlineMonitor,MET		94.0	52.0	42.0
-1	HLT_IsoMu19_eta2p1_MediumIsoPFTau32_Trk1_eta2p1_Reg_v3	null	OnlineMonitor,SingleMuon		16.0	5.0	11.0
-1	HLT_Mu17_TrkIsoVVL_Mu8_TrkIsoVVL_DZ_v4	MUO	OnlineMonitor,ExpressPhysics,DoubleMuon		180.0	85.0	95.0
-1	HLT_ZeroBias_v4	null	OnlineMonitor,ExpressPhysics,ZeroBias		131.0	62.0	69.0
-1	HLT_AK4CaloJet50_v3	HIN	OnlineMonitor,HINCaloJets		0.0	0.0	0.0
-1	HLT_PixelTracks_Multiplicity60ForEndOfFill_v2	FSQ,HIN	OnlineMonitor,HighMultiplicityEOF		0.0	0.0	0.0
-1	HLT_Mu8_Ele8_CaloIdM_TrackIdM_Mass8_PFHT300_v8	null	OnlineMonitor,MuonEG		61.0	34.0	27.0
-1	HLT_EcalCalibration_v3	null	TestEnablesEcalHcal,TestEnablesEcalHcalDQM,EcalLaser		0.0	0.0	0.0
-1	HLT_Photon250_NoHE_v6	HIG	OnlineMonitor,SinglePhoton		79.0	34.0	45.0
-1	HLT_PFHT750_4JetPt50_v6	EXO	OnlineMonitor,JetHT		242.0	112.0	130.0
-1	HLT_Ele16_Ele12_Ele8_CaloIdL_TrackIdL_v7	HIG	OnlineMonitor,DoubleEG		28.0	12.0	16.0
-1	HLT_HT2000_v3	PPD	OnlineMonitor,ExpressPhysics,JetHT		2.0	1.0	1.0
-1	HLT_Mu50_IsoVVVL_PFHT400_v3	SUS	OnlineMonitor,SingleMuon		35.0	17.0	18.0
-1	HLT_Ele36_eta2p1_WPLoose_Gsf_LooseIsoPFTau20_SingleL1_v1	Tau,HIG,EXO	OnlineMonitor,SingleElectron		156.0	84.0	72.0
-1	HLT_PFMET500_v4	PPD,AlCa	OnlineMonitor,ExpressPhysics,MET		1.0	0.0	1.0
-1	HLT_IsoMu27_v5	SMP	OnlineMonitor,SingleMuon		1261.0	604.0	657.0
-1	HLT_L1BeamGasMinus_v2	null	OnlineMonitor,Commissioning		0.0	0.0	0.0
-1	HLT_HcalNZS_v3	null	OnlineMonitor,HcalNZS		9.0	3.0	6.0
-1	HLT_PFMET600_v4	PPD,AlCa	OnlineMonitor,ExpressPhysics,MET		0.0	0.0	0.0
-1	HLT_DoubleMu4_PsiPrimeTrk_Displaced_v5	BPH	OnlineMonitor,Charmonium		33.0	14.0	19.0
-1	HLT_Ele15_IsoVVVL_PFHT350_PFMET50_v6	SUS	OnlineMonitor,SingleElectron		0.0	0.0	0.0
-1	HLT_IsoMu19_eta2p1_LooseIsoPFTau20_v3	TAU,HIG	OnlineMonitor,SingleMuon		103.0	45.0	58.0
-1	HLT_Mu17_Mu8_SameSign_v3	null	OnlineMonitor,DoubleMuon		103.0	41.0	62.0
-1	HLT_DoubleEle33_CaloIdL_GsfTrkIdVL_MW_v9	EXO	OnlineMonitor,EventDisplay,DoubleEG		123.0	69.0	54.0
-1	HLT_Mu350_v2	PPD	OnlineMonitor,ExpressPhysics,SingleMuon		2.0	2.0	0.0
-1	HLT_Photon300_NoHE_v6	HIG	OnlineMonitor,SinglePhoton		28.0	13.0	15.0
-1	HLT_Ele35_WPLoose_Gsf_v6	EGM	OnlineMonitor,SingleElectron		0.0	0.0	0.0
-1	HLT_QuadPFJet_BTagCSV_p016_VBF_Mqq460_v3	HIG ,Hbb	OnlineMonitor,HLTMonitor,BTagCSV		0.0	0.0	0.0
-1	HLT_Photon22_R9Id90_HE10_IsoM_v6	SMP,SUS	OnlineMonitor,SinglePhoton		15.0	6.0	9.0
-1	HLT_PFHT400_SixJet30_DoubleBTagCSV_p056_v3	HIG	OnlineMonitor,JetHT		274.0	125.0	149.0
-1	HLT_Photon22_v5	SMP	OnlineMonitor,SinglePhoton		9.0	5.0	4.0
-1	HLT_Dimuon0_Upsilon_Muon_v4	BPH	OnlineMonitor,MuOnia		107.0	54.0	53.0
-1	HLT_Mu23_TrkIsoVVL_Ele8_CaloIdL_TrackIdL_IsoVL_v5	 	OnlineMonitor,MuonEG		62.0	27.0	35.0
-1	HLT_IsoTkMu18_v4	SMP,MUO	OnlineMonitor,SingleMuon		0.0	0.0	0.0
-1	HLT_Mu27_v4	SMP	OnlineMonitor,SingleMuon		14.0	7.0	7.0
-1	HLT_HT470to500_v3	EXO	OnlineMonitor,ParkingHT470to500,ParkingScoutingMonitor		1306.0	630.0	676.0
-1	HLT_L1BptxPlus_v2	null	OnlineMonitor,EmptyBX		0.0	0.0	0.0
-1	HLT_L2DoubleMu28_NoVertex_2Cha_Angle2p5_Mass10_v4	EXO	OnlineMonitor,DoubleMuon		43.0	23.0	20.0
-1	HLT_L1MinimumBiasHF_AND_v2	null	OnlineMonitor,L1MinimumBias		0.0	0.0	0.0
-1	HLT_DoubleMu8_Mass8_PFHT300_v7	null	OnlineMonitor,DoubleMuon		36.0	13.0	23.0
-1	HLT_Mu30_TkMu11_v3	EXO	OnlineMonitor,DoubleMuon		183.0	91.0	92.0
-1	HLT_Ele27_eta2p1_WPLoose_Gsf_DoubleMediumIsoPFTau40_Trk1_eta2p1_Reg_v8	TAU,HIG,EXO	OnlineMonitor,SingleElectron		27.0	18.0	9.0
-1	HLT_PFHT300_DiPFJetAve90_PFAlphaT0p54_v5	SUS	OnlineMonitor,HTMHT		83.0	43.0	40.0
-1	HLT_Ele300_CaloIdVT_GsfTrkIdT_v5	AlCa	OnlineMonitor,ExpressPhysics,SingleElectron		5.0	2.0	3.0
-1	HLT_Diphoton30EB_18EB_R9Id_OR_IsoCaloId_AND_HE_R9Id_DoublePixelVeto_Mass55_v6	null	OnlineMonitor,DoubleEG		214.0	120.0	94.0
-1	HLT_AK8DiPFJet250_200_TrimMass30_v3	B2G PAG	OnlineMonitor,JetHT		0.0	0.0	0.0
-1	HLT_DiPFJetAve400_v6	JME	OnlineMonitor,JetHT		35.0	19.0	16.0
-1	HLT_Ele50_IsoVVVL_PFHT400_v4	SUS	OnlineMonitor,SingleElectron		48.0	21.0	27.0
-1	HLT_TkMu27_v5	SMP	OnlineMonitor,SingleMuon		11.0	5.0	6.0
-1	HLT_Photon90_R9Id90_HE10_Iso40_EBOnly_VBF_v6	HIG	OnlineMonitor,SinglePhoton		7.0	5.0	2.0
-1	HLT_HT325_v3	EXO	OnlineMonitor,DisplacedJet		13.0	6.0	7.0
-1	HLT_Photon600_v5	PPD	OnlineMonitor,ExpressPhysics,SinglePhoton		0.0	0.0	0.0
-1	HLT_Mu15_IsoVVVL_PFHT350_v5	SUS	OnlineMonitor,SingleMuon		0.0	0.0	0.0
-1	HLT_L2Mu10_NoVertex_NoBPTX3BX_v2	EXO	OnlineMonitor,NoBPTX		3.0	2.0	1.0
-1	HLT_VBF_DisplacedJet40_VTightID_DisplacedTrack_v3	EXO	OnlineMonitor,DisplacedJet		10.0	5.0	5.0
-1	HLT_Mu23_TrkIsoVVL_Ele12_CaloIdL_TrackIdL_IsoVL_DZ_v1	HIG	OnlineMonitor,MuonEG		14.0	4.0	10.0
-1	HLT_VBF_DisplacedJet40_VVTightID_Hadronic_v3	EXO	OnlineMonitor,DisplacedJet		33.0	17.0	16.0
-1	HLT_Mu17_TrkIsoVVL_v3	MUO,SUS	OnlineMonitor,DoubleMuon		20.0	6.0	14.0
-1	HLT_Photon26_R9Id85_OR_CaloId24b40e_Iso50T80L_Photon16_AND_HE10_R9Id65_Eta2_Mass60_v7	EXO long	OnlineMonitor,DoubleEG		4.0	2.0	2.0
-1	HLT_Dimuon16_Jpsi_v4	BPH	OnlineMonitor,Charmonium		0.0	0.0	0.0
-1	HLT_IsoMu17_eta2p1_LooseIsoPFTau20_v6	TAU,HIG	OnlineMonitor,SingleMuon		0.0	0.0	0.0
-1	HLT_L1FatEvents_part0_v1	null	HLTPhysics0		157278.0	76989.0	80289.0
-1	HLT_Mu17_Mu8_v3	MUO	OnlineMonitor,DoubleMuon		17.0	9.0	8.0
-1	HLT_HT410to430_v3	EXO	OnlineMonitor,ParkingHT410to430,ParkingScoutingMonitor		0.0	0.0	0.0
-1	HLT_IsoMu18_v3	SMP,Top,Higgs ,MUO	OnlineMonitor,SingleMuon		0.0	0.0	0.0
-1	HLT_IsoMu16_eta2p1_MET30_LooseIsoPFTau50_Trk30_eta2p1_v3	HIG,TAU. EXO	OnlineMonitor,SingleMuon		53.0	22.0	31.0
-1	HLT_Mu15_IsoVVVL_PFHT400_v3	SUS	OnlineMonitor,SingleMuon		86.0	36.0	50.0
-1	HLT_PFHT300_v5	SUS	OnlineMonitor,JetHT		26.0	14.0	12.0
-1	HLT_LooseIsoPFTau50_Trk30_eta2p1_v5	HIG,TAU,EXO	OnlineMonitor,Tau		13.0	6.0	7.0
-1	HLT_Mu7p5_Track3p5_Upsilon_v3	BPH	OnlineMonitor,MuOnia		1.0	0.0	1.0
-1	HLT_Mu23NoFiltersNoVtx_Photon23_CaloIdL_v5	EXO	OnlineMonitor,MuonEG		6.0	3.0	3.0
-1	HLT_AK8PFJet500_v3	SMP	OnlineMonitor,JetHT		102.0	47.0	55.0
-1	HLT_PFHT200_v4	SUS	OnlineMonitor,JetHT		16.0	4.0	12.0
-1	HLT_DoubleMu18NoFiltersNoVtx_v3	EXO	OnlineMonitor,DoubleMuon		5.0	4.0	1.0
-1	HLT_AK8PFJet400_v3	SMP	OnlineMonitor,JetHT		39.0	21.0	18.0
-1	HLT_QuadPFJet_BTagCSV_p016_p11_VBF_Mqq200_v3	HIG ,Hbb	OnlineMonitor,HLTMonitor,BTagCSV		0.0	0.0	0.0
